load_mw,coal_gcv_kcal_kg,main_steam_temp_c,main_steam_pressure_mpa,reheat_temp_c,condenser_vacuum_bar,aux_power_pct,boiler_efficiency_pct,ambient_temp_c,gross_heat_rate_kcal_kwh
589.93,3722.67,555.0,16.3,546.85,-0.852,7.31,86.88,18.92,2293.04
486.05,3745.05,549.84,13.81,539.31,-0.869,7.69,86.48,40.89,2476.8
616.17,4342.34,546.96,16.52,527.1,-0.92,7.63,85.59,19.58,2316.24
566.18,4224.31,534.9,13.89,545.54,-0.902,7.38,85.66,15.87,2461.66
379.19,3825.89,530.93,10.2,522.52,-0.897,6.62,86.97,13.12,2611.38
652.44,3834.56,544.31,17.56,550.41,-0.862,8.2,84.94,13.44,2358.07
585.95,3693.14,529.19,15.74,537.8,-0.889,7.23,87.22,18.13,2486.15
593.68,3556.54,536.09,15.99,512.15,-0.896,7.26,85.75,31.46,2485.2
389.72,3878.96,537.08,10.39,532.94,-0.905,7.13,86.7,12.56,2546.45
489.62,3720.39,550.74,12.68,541.89,-0.901,7.06,88.71,21.18,2388.13
464.95,3884.73,535.16,11.66,533.87,-0.867,8.07,86.23,13.86,2565.15
637.3,3611.96,518.49,15.24,542.44,-0.9,7.99,87.97,24.92,2626.4
549.6,3762.84,542.04,14.53,528.35,-0.91,7.52,83.63,13.55,2481.89
605.06,3926.75,532.41,15.86,524.25,-0.914,7.25,85.75,31.44,2466.71
487.46,3965.92,538.34,13.06,535.36,-0.914,7.61,86.54,34.03,2523.56
420.44,3975.14,537.31,10.0,536.28,-0.935,7.34,89.58,35.4,2518.49
521.92,3662.31,535.81,14.02,532.86,-0.919,7.2,83.36,19.18,2526.18
369.78,4053.84,544.32,11.05,547.05,-0.863,7.47,86.35,39.79,2525.51
606.57,3755.96,525.74,15.83,528.35,-0.905,7.08,88.83,34.09,2554.15
545.82,4013.91,533.86,14.15,538.82,-0.882,7.43,85.24,13.81,2470.38
585.01,3898.09,543.47,15.43,536.61,-0.96,7.4,86.16,26.1,2331.5
459.9,3652.25,533.09,13.38,521.99,-0.886,7.6,87.03,36.57,2650.79
650.92,3843.08,525.13,16.21,524.13,-0.904,6.99,86.8,21.95,2449.24
626.87,3965.77,543.35,16.44,536.11,-0.912,7.66,89.01,24.21,2364.7
591.3,4010.33,546.98,14.81,553.83,-0.895,6.85,87.22,32.15,2303.01
410.34,3874.62,537.64,10.29,541.21,-0.912,7.01,88.62,13.78,2556.15
494.68,4175.72,522.31,12.83,520.47,-0.953,7.04,85.92,42.94,2654.84
363.58,4081.35,543.65,10.4,508.01,-0.877,6.76,85.32,17.58,2496.0
397.83,3853.8,524.72,11.6,542.6,-0.894,7.81,86.14,12.85,2717.5
561.75,4035.02,540.47,14.92,535.13,-0.908,6.82,84.65,12.17,2401.42
580.88,4248.08,530.9,14.84,546.27,-0.924,6.95,87.27,24.79,2418.93
649.93,4252.89,528.72,18.0,528.07,-0.937,7.93,85.88,40.3,2453.53
451.01,3678.96,534.46,11.43,539.15,-0.894,7.01,85.43,38.23,2607.27
464.84,3733.22,536.53,11.69,543.62,-0.86,7.21,87.3,41.19,2615.98
495.56,4167.29,532.85,11.64,531.97,-0.895,6.79,84.67,29.08,2504.52
408.74,3709.51,542.71,11.6,532.17,-0.935,7.72,87.73,26.36,2580.89
390.28,3661.94,534.43,10.82,536.23,-0.894,7.72,85.73,24.35,2717.0
497.47,3812.49,545.84,14.63,540.88,-0.901,7.67,88.35,13.49,2440.97
420.34,3975.64,540.25,9.96,535.87,-0.878,7.57,85.87,41.1,2593.0
557.64,3881.57,532.42,15.52,544.77,-0.885,7.34,87.51,27.88,2524.45
485.52,3782.9,531.07,12.67,531.84,-0.96,7.04,86.79,26.56,2604.41
608.13,3778.64,524.82,16.38,524.04,-0.886,6.89,87.69,28.49,2579.02
567.08,3771.78,540.33,13.59,553.79,-0.925,7.94,86.68,37.41,2483.81
446.83,3741.69,535.16,12.65,530.56,-0.936,7.68,83.84,19.18,2630.39
608.0,4310.69,519.02,16.36,530.88,-0.905,6.95,88.11,34.72,2526.25
599.48,3953.55,533.71,15.56,535.41,-0.89,7.32,86.36,34.74,2455.38
470.12,4059.62,530.79,12.67,536.6,-0.941,7.15,87.76,39.19,2531.93
439.38,3811.97,550.61,10.89,532.52,-0.882,6.74,87.6,12.28,2424.11
561.57,3866.53,524.38,14.2,535.84,-0.881,7.39,85.26,17.45,2578.08
393.32,3771.56,526.47,9.9,535.64,-0.899,7.09,85.04,27.07,2700.45
411.97,3422.69,546.88,9.41,537.57,-0.922,6.82,87.55,39.22,2598.0
352.28,3651.96,548.85,9.76,514.78,-0.924,6.56,86.01,42.88,2629.99
593.95,3574.09,532.04,16.28,552.93,-0.874,6.52,88.0,31.04,2467.88
556.1,3495.04,532.94,13.97,534.67,-0.938,7.11,86.21,18.79,2585.28
568.6,3684.84,542.93,15.03,541.23,-0.873,7.26,88.14,17.91,2341.87
592.03,4138.49,519.38,15.21,523.6,-0.904,6.86,87.18,32.46,2533.1
492.26,3892.0,523.11,13.03,531.76,-0.902,7.63,86.96,18.72,2690.47
526.31,4132.3,535.75,13.24,529.95,-0.943,7.27,85.9,29.7,2459.24
393.34,3973.98,550.4,9.61,549.23,-0.904,7.59,86.87,38.71,2500.88
385.5,4040.86,534.51,10.76,530.73,-0.885,7.21,88.41,24.47,2607.95
557.2,3737.84,538.81,14.44,542.82,-0.933,6.91,86.41,24.11,2413.47
496.04,3994.31,547.07,14.31,530.15,-0.888,7.36,87.35,13.16,2384.05
525.22,4031.17,554.86,13.69,531.93,-0.898,6.67,86.57,20.13,2282.14
587.15,3796.2,533.39,14.62,533.79,-0.916,7.57,86.7,34.34,2562.73
546.76,4000.72,537.87,15.07,547.55,-0.879,6.83,89.26,23.53,2371.96
521.61,4001.91,552.58,14.0,518.99,-0.955,7.76,88.42,17.07,2298.16
523.35,3801.08,525.82,14.12,524.16,-0.891,7.13,86.63,15.38,2563.28
444.22,3697.9,546.22,12.38,518.47,-0.86,7.83,86.84,15.04,2483.22
359.55,3686.86,529.85,9.0,526.21,-0.864,6.74,85.38,33.09,2781.03
485.38,3915.57,538.82,12.53,528.7,-0.89,6.96,86.22,31.6,2513.33
416.52,3958.86,536.06,10.71,521.47,-0.908,7.49,87.0,28.59,2572.22
476.64,3757.35,530.34,11.49,529.39,-0.916,7.89,87.86,28.01,2610.3
614.55,3904.79,530.14,15.79,517.87,-0.908,8.13,87.7,16.9,2456.64
422.52,4002.7,540.21,11.92,526.84,-0.886,7.32,84.73,28.02,2543.6
368.07,4011.27,545.96,9.74,546.8,-0.92,8.22,88.06,13.92,2476.75
437.23,4179.34,536.96,10.43,539.63,-0.881,7.16,86.36,41.63,2538.74
441.01,4129.86,538.56,10.38,537.69,-0.847,7.85,84.92,13.86,2515.17
555.19,3719.77,542.57,15.6,526.97,-0.902,6.83,88.64,25.55,2393.42
522.68,4203.05,530.23,13.53,522.18,-0.934,7.51,88.84,12.02,2459.54
593.01,3804.42,543.92,14.97,525.75,-0.934,6.13,86.92,37.16,2376.45
555.94,4088.08,544.55,14.26,535.61,-0.881,6.74,87.63,17.32,2309.48
475.98,3912.24,555.0,11.34,543.81,-0.901,7.53,87.73,41.6,2389.13
602.35,3825.81,534.99,16.66,544.12,-0.878,6.64,88.73,13.41,2458.94
401.76,3574.61,534.34,10.17,541.68,-0.913,7.51,87.66,38.27,2755.03
357.04,3869.12,544.15,10.24,529.36,-0.879,7.75,84.38,33.01,2597.04
377.91,3619.31,544.55,9.86,536.22,-0.904,7.05,89.72,19.99,2525.05
573.93,4074.11,533.72,15.92,533.11,-0.918,6.82,88.21,18.48,2374.13
493.18,4173.02,534.77,13.0,534.19,-0.91,7.06,85.68,23.45,2516.79
399.99,3756.56,542.33,11.0,554.33,-0.93,6.82,84.85,38.51,2588.38
505.32,3954.35,531.38,13.64,520.14,-0.85,7.25,87.31,39.58,2578.71
397.22,3769.43,534.72,10.76,533.89,-0.902,7.35,86.05,17.61,2692.63
565.86,3786.87,538.72,14.96,546.91,-0.884,7.15,87.03,23.31,2450.97
488.31,4039.41,545.97,12.53,522.81,-0.913,8.14,87.69,19.6,2437.13
468.12,3893.06,533.16,13.51,530.21,-0.926,6.94,85.59,15.92,2569.95
443.47,4213.14,523.26,10.9,531.24,-0.906,8.0,84.71,32.69,2662.34
545.39,3813.2,522.67,14.18,533.99,-0.872,6.78,87.12,23.07,2627.77
462.16,4079.88,527.92,12.03,521.64,-0.913,7.34,85.65,19.21,2568.24
377.17,3917.53,527.49,10.09,541.36,-0.922,7.89,86.73,39.71,2775.41
386.58,4043.24,536.76,9.75,542.0,-0.896,7.87,84.35,35.95,2626.81
648.19,3819.51,528.49,17.07,540.58,-0.888,7.09,86.1,36.76,2485.56
631.66,3891.08,532.38,16.3,528.17,-0.859,7.58,87.64,13.25,2393.93
566.91,3879.21,531.81,13.63,536.78,-0.891,7.51,87.47,41.28,2507.3
432.42,3749.51,534.48,11.25,527.91,-0.884,7.03,85.24,30.39,2624.99
650.44,4019.17,548.58,16.14,533.01,-0.882,7.61,84.63,28.12,2226.46
591.41,4017.04,543.3,14.16,555.0,-0.929,8.23,86.53,12.34,2350.61
572.24,4006.84,538.13,14.97,536.86,-0.924,7.54,87.4,40.73,2431.03
489.3,4176.65,534.31,13.06,525.31,-0.927,7.58,87.15,29.4,2524.73
434.39,4160.88,534.53,11.66,537.62,-0.933,7.64,85.68,38.4,2593.58
379.88,3832.51,540.62,10.27,523.83,-0.88,6.57,86.98,32.98,2566.36
629.81,3967.15,542.67,15.02,525.21,-0.893,7.53,88.9,37.49,2332.44
491.29,3787.75,530.74,11.82,526.63,-0.898,6.79,86.83,34.17,2589.62
412.73,3904.2,538.29,12.11,532.0,-0.96,7.01,83.89,41.47,2656.72
444.85,3792.05,521.75,10.83,544.43,-0.849,8.38,86.83,19.22,2716.33
529.56,4191.61,539.69,14.2,541.21,-0.922,7.17,89.77,18.47,2340.3
404.8,3965.47,544.1,10.04,540.71,-0.849,6.93,84.44,34.8,2520.7
615.55,3860.75,535.76,16.06,526.11,-0.936,7.88,86.55,28.04,2408.31
585.14,4114.85,552.53,14.77,531.13,-0.92,6.83,86.14,31.17,2269.79
573.03,3509.29,530.95,15.29,538.45,-0.955,7.08,86.65,34.67,2584.39
483.95,3537.46,539.74,12.68,530.35,-0.891,7.92,86.81,29.52,2626.76
544.47,4043.25,537.71,13.84,533.49,-0.928,7.32,88.32,37.21,2473.18
531.07,3910.88,537.2,13.07,539.97,-0.927,6.52,86.64,22.2,2518.5
551.45,3945.08,537.09,14.53,532.86,-0.934,7.57,88.54,39.49,2467.45
376.18,3661.25,538.86,9.0,538.03,-0.881,7.1,86.31,15.45,2618.68
478.9,3895.82,544.78,12.75,550.33,-0.882,8.07,85.94,32.29,2467.64
362.9,4260.63,549.02,11.27,534.45,-0.855,7.0,85.43,40.48,2511.46
503.14,4048.36,537.98,14.03,546.61,-0.917,7.83,83.59,20.09,2511.0
452.26,3930.55,544.52,12.26,541.03,-0.895,8.19,86.94,22.46,2515.15
394.8,3820.97,532.39,10.2,522.79,-0.932,6.87,89.79,21.77,2571.82
382.05,3828.98,544.13,9.0,526.08,-0.908,7.2,87.23,30.06,2569.79
532.17,3516.74,531.9,12.91,528.5,-0.913,7.49,87.6,25.21,2599.53
402.88,3946.38,546.73,11.37,528.31,-0.888,6.87,85.84,15.45,2482.38
636.79,4052.19,555.0,16.0,535.19,-0.875,7.44,86.11,40.52,2226.89
530.13,3616.39,537.02,13.29,541.53,-0.875,7.19,88.08,18.55,2543.99
457.53,3780.94,520.46,11.78,547.3,-0.921,7.18,89.71,29.09,2746.07
533.18,3691.66,533.62,13.12,538.77,-0.875,7.32,88.88,31.03,2512.4
357.07,3726.24,547.86,9.0,531.99,-0.901,7.34,87.79,13.3,2555.17
647.15,3909.63,542.42,16.79,517.26,-0.908,7.38,86.56,15.06,2239.66
499.51,3524.81,539.99,12.36,536.64,-0.918,7.0,86.84,43.09,2591.45
592.65,4010.57,546.07,14.89,536.23,-0.914,7.02,85.29,33.26,2297.84
375.65,4035.69,541.88,9.22,537.65,-0.856,7.24,84.18,13.07,2540.97
500.86,3854.8,547.74,13.39,554.96,-0.892,7.28,84.7,37.41,2427.63
502.12,3453.47,545.36,12.89,547.17,-0.896,7.08,86.58,28.27,2509.81
640.73,3720.64,550.17,16.53,543.07,-0.907,7.46,86.03,14.41,2319.94
527.24,4121.92,540.87,14.13,527.34,-0.839,6.39,84.15,33.78,2384.32
496.78,3399.96,545.24,12.82,531.38,-0.867,6.93,86.44,27.98,2521.15
432.76,3837.45,535.54,11.06,535.15,-0.918,7.16,85.99,18.56,2567.57
452.79,3687.6,533.19,12.1,529.02,-0.907,6.87,84.62,40.09,2703.05
511.41,4044.82,551.65,13.76,540.5,-0.905,8.11,85.91,21.32,2378.91
486.06,3778.48,539.73,12.53,539.21,-0.896,7.31,85.99,21.11,2488.02
356.7,3972.71,544.44,9.33,526.21,-0.918,7.39,85.51,20.73,2544.12
606.15,4001.78,538.99,15.21,546.77,-0.889,7.06,87.98,36.56,2430.64
627.81,4230.52,533.31,15.72,536.92,-0.864,7.29,83.46,34.6,2449.95
393.48,3863.47,538.09,10.77,520.44,-0.933,6.69,83.32,40.9,2614.06
521.75,3967.69,549.49,13.88,535.54,-0.928,7.22,86.51,19.34,2346.45
383.66,3632.69,542.44,10.29,538.53,-0.912,6.83,86.65,37.16,2610.23
558.39,4114.27,524.31,14.71,544.76,-0.911,7.16,87.15,30.34,2521.9
437.18,3763.11,536.28,11.4,532.96,-0.85,6.02,85.64,21.88,2522.81
554.42,3799.06,552.26,14.9,543.45,-0.875,6.74,85.03,13.13,2309.15
575.37,3896.0,536.29,15.61,537.68,-0.876,8.03,86.49,38.21,2542.17
588.28,3618.68,523.6,15.93,524.16,-0.907,7.72,85.79,19.71,2606.94
383.4,3941.18,553.14,9.9,523.26,-0.907,7.96,88.98,32.22,2462.29
633.96,4074.14,543.46,17.45,546.1,-0.936,7.99,85.98,29.56,2342.06
421.37,3952.73,537.44,11.12,546.76,-0.88,7.64,86.41,12.14,2617.97
361.6,3614.0,535.03,9.84,538.91,-0.888,7.07,90.46,43.82,2689.51
522.0,3877.71,546.66,13.77,549.46,-0.868,6.78,86.19,38.06,2457.97
464.99,4033.57,533.66,12.26,545.51,-0.905,7.87,87.39,27.57,2543.14
607.23,3561.96,547.19,15.27,542.15,-0.904,7.33,87.53,33.77,2389.68
600.56,3706.54,542.34,16.11,527.8,-0.896,8.55,87.67,27.25,2442.44
448.31,4057.78,539.96,13.65,551.58,-0.878,7.12,86.96,35.83,2492.66
645.4,3948.62,539.16,16.52,540.83,-0.937,8.29,86.81,16.3,2359.92
440.18,3974.15,536.6,11.49,532.53,-0.882,7.22,86.66,26.28,2579.68
509.67,4234.71,546.37,12.94,529.99,-0.901,7.97,85.58,22.74,2361.62
429.35,3984.34,531.08,10.82,538.31,-0.926,8.15,87.02,26.71,2629.62
640.17,4018.42,525.02,17.73,520.96,-0.952,6.79,89.75,26.42,2449.67
401.03,4387.93,542.92,9.96,542.3,-0.903,7.06,88.44,16.58,2391.24
363.92,3861.52,543.05,9.13,527.42,-0.864,6.78,86.99,43.25,2629.68
484.88,3756.38,541.84,11.5,539.34,-0.858,6.69,87.87,12.5,2461.77
657.64,3977.0,541.26,16.57,531.31,-0.891,7.63,85.11,12.32,2323.66
626.42,3979.02,535.44,15.09,533.62,-0.851,7.2,86.08,23.95,2354.58
582.07,3805.19,544.3,15.58,529.19,-0.901,7.33,88.02,31.85,2381.92
626.15,3714.17,537.64,18.0,534.55,-0.876,7.58,88.88,17.75,2417.71
626.97,4315.77,534.1,16.04,553.0,-0.911,6.37,85.27,29.06,2397.47
510.85,3958.83,535.5,12.12,548.47,-0.913,7.94,85.73,35.13,2564.99
447.94,3768.19,554.17,12.28,539.19,-0.917,7.13,89.99,15.01,2398.22
589.32,4064.87,524.12,14.81,535.77,-0.952,7.57,86.65,43.5,2522.5
555.11,3880.35,542.0,15.34,543.6,-0.868,7.61,89.42,22.77,2400.52
465.83,3854.48,524.57,11.91,546.17,-0.916,7.99,86.83,32.56,2723.87
379.28,4001.21,537.13,9.42,528.53,-0.92,7.25,86.89,15.54,2546.49
581.5,3667.46,534.53,14.99,535.3,-0.929,6.24,86.01,34.7,2523.91
431.36,3963.47,521.32,11.75,519.6,-0.905,7.33,88.01,38.89,2731.69
640.41,4244.33,541.11,16.49,546.11,-0.856,7.4,88.67,15.37,2271.39
424.7,3983.91,534.96,10.69,554.59,-0.848,6.78,84.84,16.03,2563.27
388.05,3832.28,521.21,9.95,536.72,-0.942,7.37,85.94,20.99,2730.38
607.64,3808.72,544.72,14.91,516.87,-0.909,7.12,87.96,12.38,2374.72
397.52,3826.14,549.48,10.61,541.48,-0.926,6.63,86.29,43.55,2532.34
405.57,3854.29,549.92,9.29,527.86,-0.875,7.64,85.71,31.15,2526.07
535.81,3831.99,540.87,13.62,530.03,-0.893,7.02,88.12,31.44,2436.81
621.11,4064.94,538.37,16.68,541.64,-0.916,7.1,88.27,42.69,2375.69
410.89,3588.02,548.63,10.9,538.29,-0.898,7.07,85.78,38.62,2570.34
446.2,4055.16,551.46,12.01,531.61,-0.912,7.92,86.84,38.06,2447.83
591.0,3831.66,547.07,15.32,530.15,-0.86,7.28,84.57,22.86,2397.66
651.27,3967.85,530.47,17.75,537.13,-0.886,7.34,85.07,22.72,2422.06
505.23,3697.14,539.61,13.78,532.31,-0.883,7.08,86.7,21.34,2467.77
394.61,4139.15,541.52,10.57,526.02,-0.96,7.53,86.55,23.09,2516.6
354.32,4124.21,523.52,9.86,533.01,-0.902,7.97,84.95,23.82,2700.88
421.19,4072.73,541.75,11.48,539.06,-0.848,7.62,85.35,16.48,2508.48
390.86,3627.34,555.0,9.85,534.4,-0.867,7.64,84.8,23.39,2506.32
560.07,4049.24,543.12,13.62,523.28,-0.946,7.6,87.23,26.3,2391.76
387.77,3972.87,549.79,10.38,544.9,-0.908,6.61,83.35,21.9,2541.34
506.96,3611.05,539.46,13.56,511.35,-0.93,6.86,84.88,17.29,2468.91
565.22,3895.63,537.41,15.46,531.98,-0.857,7.2,83.52,23.95,2548.48
530.15,3965.62,541.05,13.13,530.42,-0.894,6.94,87.17,27.39,2420.75
411.93,4000.09,531.47,10.08,537.33,-0.919,6.77,83.62,35.06,2659.07
599.28,3931.91,530.29,15.9,541.05,-0.899,6.36,86.55,34.76,2434.6
571.78,3952.42,548.13,14.82,546.14,-0.96,6.63,89.12,18.49,2306.28
579.09,4165.25,548.98,13.74,529.59,-0.927,7.17,89.18,13.17,2236.48
390.63,4120.69,530.07,10.42,541.28,-0.899,7.27,83.61,21.72,2649.01
388.36,3383.93,545.74,9.0,537.76,-0.879,6.9,86.98,17.03,2540.15
637.54,3842.86,537.3,15.91,520.6,-0.949,7.34,84.92,24.67,2416.2
473.25,3870.36,540.72,13.25,553.1,-0.91,7.08,84.59,43.34,2576.17
443.29,3584.62,541.68,12.8,523.05,-0.875,7.85,86.32,17.79,2576.36
501.46,3916.95,545.95,12.19,539.78,-0.936,7.22,88.47,22.2,2429.69
555.49,4124.78,538.66,14.21,539.51,-0.894,7.65,87.46,35.2,2461.35
646.24,3704.42,549.28,16.83,538.48,-0.898,7.4,85.36,28.29,2315.83
438.8,3960.55,540.48,12.66,531.55,-0.857,6.6,87.63,13.41,2520.87
636.69,3735.15,542.99,16.21,543.45,-0.906,7.25,82.91,17.17,2393.67
357.71,3779.06,531.33,9.0,521.96,-0.904,6.68,85.3,41.93,2732.81
522.11,4165.93,555.0,14.66,535.41,-0.879,7.25,85.18,15.3,2283.88
546.53,3802.34,541.76,13.95,530.93,-0.933,6.93,86.63,32.32,2447.66
382.83,3983.2,543.7,10.46,529.9,-0.906,7.49,86.18,37.35,2493.81
393.51,3563.18,525.13,9.2,539.86,-0.911,6.63,86.27,20.49,2739.74
479.93,4235.22,531.42,12.36,545.7,-0.903,7.31,86.22,35.2,2502.72
649.53,4008.48,547.9,15.73,532.91,-0.879,7.59,86.54,17.44,2310.37
534.77,3867.15,540.3,13.17,543.03,-0.886,7.75,87.36,21.11,2502.84
639.24,4003.6,522.69,17.21,536.45,-0.919,6.92,86.74,21.98,2507.87
599.35,3646.23,546.31,15.55,527.97,-0.897,7.31,86.05,43.89,2423.0
494.89,4112.86,533.65,12.64,533.68,-0.863,7.39,87.14,18.87,2470.54
593.28,3841.68,549.29,14.9,533.3,-0.921,8.07,87.82,16.13,2305.17
355.53,3863.27,537.3,9.09,529.73,-0.896,6.56,85.61,41.62,2712.64
383.83,3811.5,539.64,10.19,539.86,-0.905,6.84,86.4,17.18,2558.09
607.12,3795.48,547.43,16.47,538.11,-0.902,8.7,88.36,40.14,2328.65
597.01,4025.04,530.82,13.68,521.68,-0.941,7.16,84.74,32.81,2515.49
422.12,3946.06,530.06,10.39,521.14,-0.865,6.35,89.39,30.46,2634.12
514.54,4017.31,536.43,13.49,539.82,-0.919,7.01,84.36,36.04,2561.96
537.86,3898.42,544.62,13.92,528.66,-0.874,5.92,85.95,35.23,2429.87
619.0,3992.38,527.35,16.38,538.72,-0.916,7.42,84.98,15.54,2515.37
536.96,3824.61,524.66,14.15,543.03,-0.916,7.7,90.0,43.98,2616.36
477.9,4301.35,544.59,12.21,524.56,-0.87,6.84,85.69,42.14,2362.88
466.0,3617.77,533.18,11.75,523.3,-0.875,7.06,85.7,40.69,2660.55
482.02,4126.97,534.86,12.36,551.07,-0.895,7.76,85.91,31.91,2556.0
552.1,4146.22,523.15,15.16,539.16,-0.881,6.42,86.65,28.73,2528.26
618.92,3746.61,532.57,15.58,532.23,-0.907,6.64,85.97,29.16,2467.73
490.71,4301.27,537.94,12.71,527.59,-0.9,7.19,86.29,12.48,2389.59
426.83,4079.19,545.44,11.23,531.41,-0.917,6.92,81.0,27.98,2486.76
423.37,4074.81,531.83,12.1,525.28,-0.877,7.15,86.59,31.96,2654.88
581.26,3905.04,551.26,14.9,543.95,-0.917,6.67,86.53,33.08,2361.65
603.14,3860.9,532.52,16.35,529.01,-0.863,7.41,88.16,22.63,2459.16
382.64,3862.31,532.54,10.81,545.84,-0.908,7.23,88.59,27.08,2647.37
370.63,3970.3,550.3,9.59,532.39,-0.899,7.57,86.2,32.36,2487.16
534.27,4152.21,539.69,13.74,526.61,-0.881,7.4,87.81,25.71,2425.53
395.31,3932.64,533.58,10.05,532.16,-0.899,7.4,84.74,42.79,2728.73
605.65,3735.94,536.76,15.57,512.38,-0.907,6.58,87.73,34.57,2395.9
446.2,4048.4,548.82,12.2,534.91,-0.901,7.55,85.58,12.04,2431.22
394.6,4065.81,549.73,10.42,534.47,-0.878,7.13,84.6,12.74,2468.22
635.5,4017.84,531.47,16.69,543.42,-0.917,7.22,86.2,34.09,2456.21
401.31,4034.19,537.66,9.65,519.02,-0.903,7.82,88.74,25.2,2605.04
438.26,3851.23,538.72,10.72,546.46,-0.9,6.94,86.79,38.86,2627.79
397.62,3732.78,530.11,11.84,543.39,-0.878,7.98,88.89,17.54,2669.73
385.8,3743.73,537.55,9.91,547.27,-0.902,8.02,85.3,12.44,2661.36
356.56,3605.62,538.04,9.0,535.53,-0.855,7.68,88.18,24.42,2679.04
367.17,3942.65,547.12,10.55,545.13,-0.904,6.81,85.46,35.55,2524.67
404.14,3884.98,547.66,10.7,522.76,-0.906,6.21,86.86,43.1,2506.48
366.55,3820.8,535.37,9.93,542.42,-0.904,7.84,86.85,40.28,2712.82
533.25,3367.99,536.29,13.77,529.06,-0.933,7.36,87.56,27.49,2584.48
561.02,3675.48,543.31,14.36,521.14,-0.926,6.93,86.9,38.01,2425.91
472.03,4101.75,533.32,12.15,525.88,-0.913,7.89,85.32,14.25,2527.93
448.58,3780.37,542.71,10.7,536.05,-0.872,6.87,87.91,30.31,2500.92
506.4,3964.91,537.3,13.1,528.58,-0.901,7.09,89.27,41.58,2465.71
621.25,3649.68,530.24,16.36,539.38,-0.912,7.56,85.57,24.68,2539.24
613.85,4158.97,530.35,17.26,519.73,-0.869,6.74,83.56,42.72,2490.57
363.48,3874.08,549.58,9.51,516.86,-0.861,7.25,87.3,19.06,2532.39
406.26,3952.21,536.75,9.0,548.35,-0.869,7.84,85.97,15.38,2568.52
423.39,4318.64,551.12,10.94,544.13,-0.921,7.41,86.29,28.79,2368.81
427.31,4172.96,533.89,13.03,526.56,-0.912,7.92,87.39,41.03,2633.1
527.08,3844.82,540.33,14.31,535.97,-0.855,7.87,85.77,21.96,2488.48
479.04,3793.22,555.0,11.89,545.18,-0.894,7.3,86.07,37.61,2416.7
365.27,3841.4,529.54,9.91,539.77,-0.907,6.13,86.34,17.41,2654.73
465.82,3991.78,522.82,11.59,537.33,-0.882,6.75,88.85,35.86,2667.6
512.36,3881.06,548.29,12.37,545.86,-0.875,7.68,86.55,29.82,2458.99
381.52,3828.86,531.39,9.68,529.42,-0.914,6.52,84.52,17.6,2691.25
608.37,4164.09,537.83,15.88,536.28,-0.895,7.14,84.59,34.98,2399.76
366.11,3879.44,533.31,9.0,535.84,-0.877,7.47,86.72,34.84,2662.27
636.7,4313.93,540.15,15.75,533.55,-0.929,8.03,84.69,28.49,2389.35
380.73,3916.33,530.4,9.91,532.49,-0.9,7.01,84.0,19.21,2701.43
611.51,4221.36,536.56,15.61,536.66,-0.928,6.98,87.52,16.23,2313.24
629.82,3964.32,541.6,16.65,536.31,-0.925,7.27,87.6,42.63,2406.65
653.67,4073.33,529.93,16.15,526.56,-0.914,7.48,85.91,32.99,2423.27
598.63,3769.57,532.4,16.06,543.22,-0.888,7.22,86.97,37.9,2551.33
591.64,3746.32,535.22,14.55,527.21,-0.908,7.82,86.8,34.3,2547.63
549.17,3982.75,526.57,15.43,534.04,-0.916,6.9,87.46,38.54,2525.99
591.49,4077.94,534.62,14.18,533.34,-0.899,7.36,87.47,17.2,2419.04
391.71,3907.25,538.95,9.42,539.22,-0.929,7.52,82.33,27.9,2657.8
516.18,3668.45,534.8,13.71,516.93,-0.889,7.1,86.12,33.35,2648.47
509.41,3655.15,535.83,14.41,544.02,-0.872,7.72,87.33,15.31,2528.25
615.85,3643.12,537.84,16.23,529.91,-0.902,7.37,85.84,16.8,2486.97
493.47,3581.83,532.75,13.22,546.98,-0.905,7.69,86.56,32.29,2637.5
469.38,3919.71,543.53,12.22,531.7,-0.891,7.4,87.7,39.8,2460.43
548.26,4102.51,549.49,13.54,535.56,-0.951,7.49,86.63,33.13,2332.3
432.6,3897.59,534.28,10.9,553.22,-0.887,6.98,88.91,13.16,2542.54
393.33,3493.13,541.88,9.38,533.5,-0.822,6.98,88.3,43.05,2618.27
498.14,3865.66,536.08,12.06,547.15,-0.903,7.91,86.31,16.46,2541.06
479.24,3870.7,540.92,12.74,536.35,-0.903,7.62,86.18,19.44,2529.13
422.1,4277.28,550.53,10.19,539.74,-0.881,6.79,81.94,43.2,2462.51
463.93,3637.72,542.07,12.29,536.63,-0.859,7.39,85.98,36.67,2563.78
463.58,3829.68,523.81,11.14,543.63,-0.876,6.11,84.33,41.97,2693.03
451.52,4207.05,541.63,11.95,529.83,-0.954,7.01,86.85,37.81,2462.14
467.63,3981.0,547.86,11.82,527.14,-0.886,7.78,86.74,32.86,2461.09
562.58,4001.4,536.23,15.61,530.25,-0.836,7.24,87.61,21.11,2467.41
442.03,3920.63,545.97,11.72,536.9,-0.884,7.36,88.73,22.46,2462.09
644.15,3959.39,532.48,17.61,534.01,-0.929,5.8,86.46,42.31,2367.32
634.07,4039.97,526.12,15.96,542.39,-0.893,7.1,90.15,39.54,2441.1
499.08,3754.29,539.13,13.02,547.74,-0.932,7.47,86.87,23.5,2519.97
451.79,4058.05,523.95,11.06,527.22,-0.869,7.53,84.4,23.94,2703.75
515.98,3652.86,536.08,13.13,529.39,-0.924,7.78,85.6,21.53,2601.85
613.05,3959.11,548.29,15.76,523.07,-0.898,7.19,85.9,22.44,2352.93
552.3,3932.17,522.72,13.85,554.27,-0.921,7.22,87.45,39.54,2606.72
599.36,3789.07,527.76,14.73,538.74,-0.914,6.63,84.98,12.34,2525.08
515.14,3895.92,529.74,12.4,540.32,-0.863,7.2,86.02,25.95,2533.52
546.2,3787.94,537.49,12.56,523.94,-0.897,6.67,86.24,42.17,2517.62
439.33,3707.09,535.07,10.68,535.99,-0.914,6.38,85.78,29.36,2574.0
577.82,3836.35,549.19,15.46,540.58,-0.929,6.76,87.8,26.41,2317.76
412.75,3701.28,545.63,9.61,533.73,-0.947,8.05,87.53,22.0,2629.9
565.39,3958.1,541.96,13.74,545.68,-0.931,7.16,88.37,14.37,2365.45
616.82,3692.98,539.17,17.29,555.0,-0.897,7.41,85.97,19.18,2405.53
390.95,4028.16,541.15,9.72,527.48,-0.875,7.04,88.42,14.89,2515.05
540.46,3687.33,531.1,14.28,526.8,-0.914,6.4,84.32,16.05,2534.45
379.48,3798.07,544.86,10.32,528.1,-0.861,7.77,84.28,17.23,2562.22
574.97,3787.57,529.1,15.41,550.46,-0.918,6.21,84.56,21.66,2580.32
376.19,4138.53,544.68,9.0,545.38,-0.906,7.02,86.51,12.35,2504.63
640.14,3959.45,547.49,16.48,534.78,-0.927,7.27,88.42,42.4,2306.54
392.6,3861.89,539.69,9.07,536.33,-0.875,7.42,85.54,15.96,2575.57
647.25,3989.77,536.59,18.0,528.65,-0.848,6.94,85.74,24.26,2369.08
598.27,3520.71,541.2,14.44,544.01,-0.944,6.38,86.15,40.14,2502.81
534.04,3892.24,515.11,13.15,532.58,-0.909,6.9,87.42,15.41,2652.4
592.61,4259.55,540.42,14.68,533.66,-0.868,6.93,85.74,27.48,2257.89
596.49,3923.82,537.09,14.46,541.48,-0.936,6.91,85.65,39.03,2512.28
643.27,3912.22,537.59,17.67,534.31,-0.886,7.79,84.35,29.82,2434.28
428.55,3998.66,543.65,12.84,533.89,-0.869,6.69,85.59,18.73,2490.26
532.92,4061.21,537.4,13.52,536.1,-0.898,7.45,88.38,35.54,2487.38
379.47,3540.46,528.88,9.0,543.16,-0.886,7.38,86.65,33.8,2784.56
541.01,3597.18,536.87,12.5,550.82,-0.856,7.78,85.32,23.59,2582.77
403.1,3937.85,538.54,10.31,541.27,-0.851,7.23,88.48,13.48,2526.29
525.13,3771.32,538.92,13.43,543.23,-0.902,7.7,85.56,12.25,2460.39
527.45,4136.16,539.3,13.26,534.2,-0.913,7.21,88.77,38.41,2431.76
494.46,3843.27,546.31,13.01,529.63,-0.923,7.52,88.75,22.29,2460.16
512.02,3551.78,529.31,13.59,541.89,-0.876,6.55,86.59,16.41,2582.05
586.82,3671.76,539.41,15.48,537.54,-0.934,5.98,84.1,28.59,2427.65
597.77,3405.06,548.32,15.32,523.2,-0.906,7.49,90.16,41.47,2448.84
502.57,3857.86,524.12,12.3,533.05,-0.897,7.52,87.12,12.27,2598.73
535.87,3866.09,539.44,14.4,535.25,-0.913,7.54,85.98,13.8,2445.34
638.68,3823.6,533.32,16.61,531.41,-0.893,7.04,88.03,25.35,2410.39
387.12,4094.2,535.03,10.69,549.34,-0.836,8.04,87.62,33.63,2622.71
386.3,4115.73,530.76,10.6,540.32,-0.903,7.07,88.6,27.24,2559.14
377.19,3869.33,536.64,9.0,548.36,-0.911,7.51,85.44,40.72,2654.5
553.94,3515.76,552.73,13.4,538.37,-0.875,7.6,87.01,13.41,2386.61
479.77,4011.11,527.88,11.95,536.73,-0.894,8.16,84.6,22.88,2638.43
590.04,3999.96,528.64,14.6,527.57,-0.864,7.14,87.57,23.24,2512.16
558.08,3955.69,527.58,15.04,536.11,-0.896,6.97,86.46,22.88,2577.76
453.43,4076.67,551.82,12.04,536.12,-0.906,6.55,86.95,27.61,2408.24
628.49,3690.33,534.3,17.11,523.7,-0.945,8.08,86.27,37.3,2532.28
586.38,4261.58,537.79,15.52,531.14,-0.94,7.51,86.1,22.17,2363.14
433.87,3727.3,534.78,11.43,533.09,-0.946,7.53,85.11,35.82,2637.06
462.9,4034.86,530.44,12.88,539.72,-0.891,8.86,87.76,16.69,2596.92
447.48,3596.28,536.12,11.96,540.15,-0.934,7.46,88.88,29.94,2622.17
398.86,3732.55,555.0,10.42,530.77,-0.869,6.65,85.61,24.0,2482.77
395.81,4172.95,549.14,11.33,540.22,-0.899,7.2,87.39,29.25,2456.8
640.2,3853.04,531.18,16.73,534.36,-0.906,6.81,87.19,15.45,2412.81
485.75,4051.19,543.18,12.42,510.17,-0.921,7.1,86.51,42.51,2487.62
468.83,3942.65,531.35,11.6,531.64,-0.884,7.1,84.06,41.0,2667.45
576.2,3881.11,523.79,15.47,545.71,-0.92,7.01,84.42,38.44,2629.57
521.43,4145.49,546.16,14.42,520.86,-0.925,6.6,85.25,40.57,2385.35
640.2,3857.4,547.28,16.61,537.01,-0.87,8.1,83.08,16.69,2330.75
591.89,3579.47,546.37,16.3,550.27,-0.891,7.45,88.75,28.12,2372.59
498.6,3755.42,534.24,11.58,529.15,-0.906,7.19,87.09,22.17,2531.13
466.67,3999.21,536.67,12.09,536.02,-0.884,7.68,86.45,40.4,2574.4
655.86,3971.19,544.0,17.02,524.26,-0.9,7.54,83.0,18.06,2348.46
572.51,3617.93,541.13,14.38,550.65,-0.89,7.44,83.58,19.04,2448.81
644.87,3769.62,534.85,18.0,535.25,-0.92,7.64,86.5,33.97,2441.89
386.73,3795.29,525.05,10.01,536.42,-0.848,7.37,89.65,14.84,2700.79
613.67,3834.22,538.91,15.67,548.19,-0.914,7.64,85.38,35.44,2423.44
547.49,3652.34,546.63,14.25,541.95,-0.861,7.68,87.88,20.58,2436.11
387.8,3786.89,528.42,9.0,528.12,-0.905,7.38,85.73,33.15,2721.41
532.36,3768.85,543.11,13.31,530.17,-0.88,7.19,86.59,39.94,2459.19
562.69,4038.88,540.65,15.32,540.45,-0.882,8.07,88.44,31.51,2419.24
353.81,4045.64,544.0,9.0,530.38,-0.871,7.06,85.95,18.81,2550.15
490.84,3873.75,544.98,12.18,516.94,-0.921,7.5,85.4,13.57,2423.4
605.87,3829.43,532.44,16.67,535.52,-0.873,7.51,88.77,13.43,2435.42
441.56,3925.19,525.06,12.42,522.68,-0.854,7.0,86.57,14.84,2656.65
492.15,3753.02,533.73,13.16,550.55,-0.906,6.9,88.25,30.55,2534.66
487.12,3693.57,545.11,12.35,537.59,-0.899,7.12,85.4,23.14,2444.44
443.6,3730.76,533.66,11.37,527.85,-0.913,7.05,88.75,19.78,2538.04
634.72,3785.73,532.45,15.94,529.71,-0.909,6.57,86.94,19.02,2411.73
592.2,3690.57,523.43,14.7,519.0,-0.857,6.97,87.2,42.35,2577.84
384.28,3929.17,552.02,9.26,526.1,-0.925,7.43,86.71,15.8,2443.23
659.08,4031.35,544.61,16.7,545.15,-0.924,7.93,85.69,21.75,2349.45
622.55,3614.32,544.16,15.46,555.0,-0.86,7.58,86.5,27.09,2373.6
438.01,3904.52,545.74,10.29,542.54,-0.884,6.0,85.79,12.01,2427.47
609.44,3860.41,542.61,16.0,535.17,-0.847,7.62,88.04,41.47,2465.92
382.99,3961.47,536.05,10.12,532.11,-0.911,7.02,86.18,15.17,2597.8
659.72,3897.67,536.69,18.0,527.39,-0.897,7.53,84.11,33.84,2416.73
556.36,3638.35,534.58,14.0,554.54,-0.917,7.29,83.81,32.12,2567.09
551.54,3672.77,555.0,14.55,534.3,-0.896,7.2,83.74,37.89,2408.68
378.04,3905.3,542.45,10.05,555.0,-0.944,7.25,87.49,32.84,2611.65
628.08,4085.18,534.29,16.15,548.54,-0.883,7.29,84.66,36.62,2421.41
358.99,3501.45,541.72,9.85,520.33,-0.892,7.97,86.98,25.48,2656.72
424.66,3962.23,529.91,11.58,530.01,-0.901,7.29,86.72,27.64,2593.13
394.34,4114.13,550.04,10.48,529.98,-0.91,7.84,86.4,34.45,2481.91
590.8,3872.46,532.71,15.18,535.28,-0.922,7.77,87.2,30.19,2452.82
411.44,3999.04,542.01,10.45,535.46,-0.882,7.63,86.75,28.37,2527.44
632.3,3773.45,546.53,15.48,555.0,-0.929,6.41,82.16,18.58,2315.4
553.44,3878.51,541.08,13.83,526.3,-0.887,7.86,85.98,20.26,2478.63
361.21,3608.24,538.76,9.0,538.06,-0.848,7.07,87.18,23.47,2643.71
351.68,3478.02,538.09,9.0,541.55,-0.863,7.66,89.12,12.3,2681.73
366.01,4069.7,537.55,9.82,535.99,-0.938,6.81,89.2,25.36,2502.02
537.84,3722.7,533.39,14.82,536.99,-0.913,6.71,84.32,12.09,2529.33
598.46,3818.0,534.4,14.92,526.6,-0.889,8.29,85.94,30.08,2477.42
423.95,3650.44,549.84,11.22,536.96,-0.902,6.82,83.99,34.53,2523.71
613.32,3646.21,537.13,15.22,540.6,-0.935,7.87,88.93,29.99,2519.6
367.74,3868.71,531.71,9.35,538.95,-0.89,7.36,88.12,34.19,2707.88
598.3,3768.68,533.87,15.07,541.13,-0.9,7.09,87.06,12.0,2442.74
637.62,3968.03,546.8,17.0,548.71,-0.852,7.28,86.77,13.9,2367.61
589.35,3981.46,543.4,14.85,544.43,-0.906,6.65,88.71,34.35,2314.88
566.42,3957.75,542.48,15.44,536.64,-0.871,7.29,88.44,37.69,2436.21
609.77,3942.95,535.94,15.68,525.45,-0.932,6.76,88.35,34.97,2359.04
362.45,4184.0,542.59,9.0,530.6,-0.926,7.1,87.23,33.22,2520.55
412.55,3707.83,532.85,9.85,534.02,-0.882,7.76,85.94,34.64,2659.57
388.73,3890.11,535.92,10.28,538.27,-0.873,7.43,87.73,35.67,2639.99
506.4,4103.88,545.76,13.79,531.7,-0.924,6.56,87.81,35.18,2375.24
581.01,4127.62,544.99,15.3,527.58,-0.899,7.73,86.19,35.62,2356.76
545.3,3644.08,530.14,15.75,525.31,-0.935,7.3,85.94,14.37,2595.07
613.85,3843.78,531.16,16.96,521.14,-0.905,7.03,88.31,14.02,2417.04
398.12,4144.46,538.87,10.14,533.89,-0.879,7.67,89.16,23.56,2531.66
577.73,3991.45,551.81,14.8,522.77,-0.911,7.22,85.3,28.88,2335.49
409.84,3935.15,522.68,10.98,527.0,-0.906,6.72,86.08,36.4,2678.37
433.94,3860.82,540.23,10.7,532.45,-0.928,8.22,87.06,22.71,2538.96
570.07,3830.92,526.99,15.64,523.98,-0.916,7.29,87.28,20.8,2539.93
653.86,3951.88,532.93,17.25,539.42,-0.856,7.26,85.66,37.01,2461.3
539.58,3854.57,535.08,14.21,542.66,-0.898,7.1,89.51,19.98,2499.94
366.9,3892.34,534.64,10.02,531.06,-0.925,7.89,87.18,38.27,2673.39
541.06,3914.15,533.73,15.27,532.07,-0.908,7.04,87.35,17.67,2466.14
363.13,3777.95,538.06,9.56,540.84,-0.94,6.53,89.31,23.5,2560.1
624.09,3995.78,533.72,16.15,529.57,-0.925,6.96,85.78,24.83,2423.41
569.97,4424.56,526.3,15.88,528.96,-0.866,7.96,86.36,21.58,2465.0
403.67,3580.14,544.24,11.17,546.77,-0.904,7.72,84.49,12.11,2587.7
378.43,3958.32,544.02,9.61,543.96,-0.853,7.17,86.22,19.54,2535.02
406.9,3763.17,544.75,10.58,541.41,-0.902,7.99,84.12,22.8,2601.32
653.81,4003.93,525.67,17.14,544.33,-0.901,7.67,87.7,22.04,2442.77
492.15,3908.38,540.39,13.05,518.2,-0.884,7.17,87.17,37.14,2479.34
593.07,4037.13,543.41,14.47,548.18,-0.96,7.22,86.06,13.52,2337.87
547.29,4111.59,529.75,13.15,539.53,-0.895,7.46,86.34,24.45,2421.08
527.45,3934.64,538.07,13.09,545.1,-0.901,6.88,87.72,13.2,2411.66
394.99,4103.77,537.07,9.59,539.48,-0.863,7.3,84.68,41.78,2585.61
643.27,3478.03,552.74,16.27,536.44,-0.876,7.45,86.83,37.29,2385.3
443.42,4186.28,553.4,11.97,533.52,-0.928,6.46,87.62,43.43,2344.62
529.19,3967.51,524.69,13.64,539.3,-0.869,7.21,83.65,41.13,2629.79
566.93,4094.01,555.0,14.88,533.19,-0.907,7.15,87.6,22.11,2236.63
551.26,3680.42,530.68,13.48,543.81,-0.923,7.81,83.82,34.13,2604.08
641.58,3750.46,545.85,16.36,521.72,-0.895,6.38,86.31,21.81,2299.6
396.02,3926.27,545.76,10.71,531.13,-0.905,7.11,84.64,40.42,2560.93
507.59,3896.93,530.03,13.61,554.4,-0.862,7.06,88.79,25.14,2533.2
475.25,3950.95,541.95,11.85,530.37,-0.891,7.78,84.65,24.03,2499.56
496.99,4095.21,537.14,13.03,533.85,-0.895,7.28,83.86,41.25,2506.54
386.96,3582.26,542.43,11.6,528.06,-0.877,8.2,86.71,38.78,2635.57
391.57,4075.29,539.85,10.17,539.02,-0.873,7.63,85.84,42.93,2601.14
436.2,3901.49,547.57,10.86,529.37,-0.88,7.09,84.09,14.13,2481.52
444.46,3863.32,538.6,11.43,534.33,-0.865,7.42,87.34,19.79,2502.21
482.65,3635.2,536.66,12.61,543.64,-0.885,7.12,83.31,21.63,2622.44
539.41,3990.55,546.77,13.92,529.71,-0.896,7.73,84.84,25.58,2426.84
546.74,3465.46,542.64,14.19,543.1,-0.869,6.63,85.58,27.14,2526.12
477.66,4016.71,543.85,11.41,543.4,-0.902,6.89,87.78,21.33,2426.44
476.72,3631.42,532.68,11.72,545.49,-0.899,7.53,88.57,37.29,2645.7
417.46,3909.62,529.64,10.75,537.26,-0.857,7.91,88.26,19.14,2703.0
532.37,3878.55,533.46,13.73,555.0,-0.859,6.2,86.25,34.29,2505.99
448.28,4110.52,533.03,11.26,545.49,-0.9,7.99,82.62,39.26,2609.2
361.18,3867.84,544.29,9.27,538.92,-0.911,7.23,87.13,31.32,2530.02
479.7,3775.06,545.81,12.52,528.12,-0.863,6.36,88.85,23.33,2474.12
496.98,3808.81,536.76,13.54,535.13,-0.88,5.8,88.47,18.01,2511.76
419.93,4129.12,549.45,10.85,548.84,-0.892,6.54,87.24,16.3,2358.37
527.46,3996.53,548.95,13.99,551.39,-0.908,7.29,84.6,35.81,2381.64
525.39,3830.59,539.95,13.28,549.3,-0.892,7.27,85.66,27.01,2480.42
567.62,3857.44,531.42,15.16,543.07,-0.901,7.62,89.59,13.48,2504.77
550.86,3617.91,550.6,14.59,524.7,-0.917,7.03,84.23,43.48,2408.32
552.25,3969.93,537.51,14.96,540.38,-0.897,6.75,84.66,33.48,2414.83
448.03,3583.23,539.01,12.15,524.83,-0.893,7.09,88.01,39.01,2661.96
594.1,4035.32,535.28,15.86,522.61,-0.909,7.32,85.81,26.02,2440.93
520.23,3923.15,530.88,13.46,538.15,-0.877,7.42,84.61,42.57,2615.91
483.74,4329.65,526.25,12.75,540.71,-0.868,6.91,88.94,18.38,2496.95
544.06,3701.98,543.06,14.89,544.13,-0.876,7.75,87.24,17.92,2465.08
461.8,3881.52,531.73,11.55,540.47,-0.907,6.99,85.89,40.49,2578.26
508.95,4223.69,555.0,12.79,540.78,-0.881,6.87,84.67,40.53,2297.97
578.38,4114.45,529.31,15.16,527.14,-0.898,7.03,89.78,27.97,2445.14
624.78,3774.68,527.94,16.54,535.06,-0.931,7.84,86.46,16.03,2443.01
635.53,3940.31,542.08,15.95,522.44,-0.883,7.23,88.74,21.77,2308.33
506.13,3900.36,550.23,13.11,517.97,-0.896,6.95,87.93,36.13,2374.88
511.29,3950.75,538.52,13.23,542.67,-0.835,7.76,85.67,39.07,2526.56
597.96,3774.24,542.58,14.0,529.22,-0.864,8.37,85.68,23.12,2425.94
447.48,3883.92,523.25,11.48,543.85,-0.882,7.4,88.81,13.96,2618.44
609.59,3612.35,532.58,15.74,545.98,-0.894,7.92,88.84,33.3,2469.96
503.18,3924.32,529.41,12.97,530.43,-0.896,7.82,83.5,35.66,2642.49
385.92,3981.0,522.84,11.02,541.31,-0.925,7.0,87.38,25.57,2695.17
372.34,3859.06,538.94,9.0,530.05,-0.943,7.31,86.31,30.66,2580.23
611.02,3609.29,520.06,15.31,519.39,-0.922,6.66,84.85,43.6,2654.63
367.23,4077.94,527.42,9.0,537.11,-0.901,7.2,86.92,19.84,2655.28
436.99,3965.61,533.7,11.03,531.76,-0.953,6.99,84.34,30.34,2587.63
453.58,3769.32,531.35,11.52,532.04,-0.914,7.1,85.75,31.55,2578.42
403.63,3849.49,541.17,10.14,553.78,-0.906,6.93,85.22,29.57,2595.35
447.31,3629.88,540.44,12.41,522.27,-0.905,7.16,85.7,39.81,2570.88
580.23,3715.43,545.15,15.69,539.45,-0.917,7.57,86.39,31.36,2424.5
354.55,3803.19,544.02,9.27,527.05,-0.909,7.24,84.88,28.25,2587.66
606.42,4121.12,547.13,15.51,544.17,-0.857,6.37,89.02,15.94,2218.3
615.53,3784.89,537.98,16.72,538.69,-0.883,6.93,87.29,34.5,2459.67
465.4,4015.24,540.43,12.09,539.41,-0.914,6.54,89.37,16.23,2438.25
397.62,3803.1,542.09,9.77,527.5,-0.902,7.42,86.24,12.85,2587.18
536.26,3944.63,539.13,12.74,529.11,-0.901,7.55,85.62,27.63,2484.68
387.1,3874.55,534.82,9.76,544.35,-0.919,7.43,89.31,30.32,2626.96
463.13,4057.15,535.34,12.57,551.94,-0.919,6.91,85.58,43.97,2511.18
647.11,3803.73,531.46,18.0,540.32,-0.875,7.42,86.21,34.79,2473.23
658.59,3616.94,541.37,17.17,527.92,-0.91,7.06,87.65,39.15,2389.61
589.35,3651.25,537.25,14.79,539.05,-0.927,6.73,84.52,23.08,2510.99
446.4,3804.26,532.69,10.78,555.0,-0.901,7.67,87.64,28.29,2605.16
563.18,3675.17,532.7,15.03,536.92,-0.897,7.71,87.43,43.18,2581.06
568.68,3973.84,528.32,13.55,549.16,-0.949,7.77,88.53,25.36,2513.5
470.23,3816.16,545.83,12.61,529.34,-0.901,7.0,87.92,37.83,2506.55
548.68,4327.43,538.63,14.84,535.62,-0.878,7.89,88.58,28.83,2381.5
353.33,3587.21,531.1,9.49,541.58,-0.889,7.05,86.32,19.17,2755.99
414.81,3936.65,544.47,10.63,539.58,-0.844,7.63,85.12,30.57,2503.54
512.78,3696.97,533.52,13.73,529.1,-0.869,7.04,89.88,18.98,2476.85
400.76,3811.19,526.75,10.54,528.71,-0.864,7.19,84.06,12.1,2644.08
401.43,3925.46,546.17,9.89,544.89,-0.83,6.09,84.22,19.55,2519.2
609.25,3481.43,533.7,17.14,546.72,-0.881,7.15,87.4,18.18,2520.74
656.63,3942.63,534.73,16.83,549.61,-0.896,7.35,89.1,23.87,2391.47
522.35,4242.52,538.33,14.12,552.24,-0.876,7.09,86.8,40.44,2423.35
610.11,3818.38,547.14,14.17,537.21,-0.914,8.18,88.1,24.41,2332.91
657.0,3946.77,538.16,17.98,533.2,-0.897,6.72,83.31,39.05,2398.56
393.89,4084.49,528.41,11.27,548.16,-0.916,7.02,85.7,29.78,2694.5
488.96,3870.49,542.35,12.73,542.42,-0.89,6.85,83.5,12.24,2522.51
471.7,3795.43,534.12,12.66,527.16,-0.916,7.02,87.75,18.04,2569.16
374.82,3490.37,553.1,10.14,526.7,-0.917,7.82,84.02,41.8,2624.86
584.15,4015.38,537.99,14.74,540.43,-0.89,8.04,84.46,31.33,2502.95
484.47,3879.63,520.12,12.98,534.4,-0.903,6.95,87.32,41.75,2686.32
495.49,3717.72,540.86,12.32,535.76,-0.948,6.94,88.2,21.92,2465.54
396.71,3922.79,553.56,9.89,545.65,-0.936,6.72,86.25,34.93,2443.92
406.09,3794.94,550.61,11.35,542.83,-0.929,7.95,87.41,36.7,2488.66
631.2,3804.88,552.65,17.09,547.97,-0.922,7.86,87.36,43.22,2310.11
363.84,4009.13,529.84,9.0,518.62,-0.89,7.25,86.16,12.58,2623.08
422.18,3659.09,545.3,10.46,538.28,-0.895,6.6,84.75,42.47,2606.61
440.54,4088.52,532.22,11.0,542.25,-0.873,6.65,87.4,24.53,2562.84
501.96,3648.42,539.79,13.56,522.26,-0.881,7.39,87.48,38.82,2591.2
531.8,3780.71,527.82,13.13,530.11,-0.873,7.57,87.93,29.43,2549.05
502.92,4246.13,532.84,13.33,528.44,-0.885,6.27,87.0,30.07,2515.89
376.08,4102.92,532.59,10.3,536.2,-0.895,7.14,84.63,23.5,2589.6
425.54,3917.57,545.19,11.0,550.65,-0.873,8.11,87.6,38.51,2505.11
611.51,3730.7,544.41,16.61,554.2,-0.877,7.19,86.5,20.45,2356.2
547.65,3804.73,540.21,14.03,528.67,-0.891,8.04,85.73,27.75,2531.99
551.24,3913.19,527.2,14.18,540.74,-0.868,7.62,86.03,29.93,2588.1
557.76,3906.75,535.51,13.82,541.03,-0.959,6.76,85.4,35.76,2477.49
586.5,3883.64,532.03,15.96,539.49,-0.907,7.15,87.92,27.09,2449.52
368.01,3894.45,544.96,9.03,539.59,-0.908,7.24,84.23,33.77,2551.8
463.65,3861.41,547.43,12.3,538.73,-0.871,6.82,84.91,27.53,2499.3
517.25,3640.44,546.45,13.4,551.19,-0.861,6.82,85.97,33.1,2493.33
454.92,3807.03,531.96,11.09,545.92,-0.936,8.05,89.08,33.57,2657.65
611.79,4064.63,516.08,15.48,526.46,-0.865,6.81,88.19,34.7,2578.85
499.6,3653.7,523.86,13.96,543.16,-0.929,7.84,83.87,38.35,2663.78
588.27,3865.88,549.37,15.44,544.03,-0.929,7.08,88.66,29.3,2274.49
614.12,3752.44,534.79,15.26,538.83,-0.906,7.29,88.66,18.18,2440.54
506.49,3920.04,531.99,13.38,546.18,-0.908,7.58,84.62,33.75,2580.02
631.96,3830.05,551.14,16.33,537.69,-0.939,7.0,82.47,14.47,2278.84
532.01,4165.93,548.12,16.25,537.8,-0.884,7.58,86.38,19.01,2307.21
613.59,3991.18,538.2,16.15,537.09,-0.883,6.28,88.3,37.35,2393.47
455.58,3663.88,535.65,11.58,517.84,-0.874,7.52,89.05,25.92,2603.67
504.63,4020.82,536.94,14.11,535.28,-0.911,6.07,85.11,27.94,2485.22
514.74,3760.56,539.82,12.09,529.99,-0.901,7.19,89.3,43.6,2484.62
382.54,3796.14,550.8,10.01,525.32,-0.901,7.73,82.94,19.53,2549.93
473.55,3956.49,541.38,13.71,548.91,-0.858,7.61,85.91,12.63,2445.83
634.37,3811.49,543.81,16.41,540.54,-0.96,6.65,85.83,15.56,2314.12
545.56,4060.71,547.35,12.97,535.73,-0.924,6.72,88.34,19.82,2234.38
405.03,3760.59,528.64,10.25,530.92,-0.9,6.96,88.58,35.23,2638.15
455.05,3788.59,544.04,12.85,538.67,-0.927,7.39,88.03,36.83,2504.26
409.4,3781.85,535.64,10.91,544.92,-0.906,6.28,84.34,30.1,2691.55
357.7,3798.19,517.87,9.0,528.56,-0.903,7.29,87.88,20.16,2750.95
637.51,4097.85,520.97,16.1,535.96,-0.916,7.46,87.31,28.7,2470.8
488.94,4013.18,529.86,12.32,543.81,-0.898,7.16,83.83,12.48,2572.83
445.34,4207.79,542.25,11.83,518.58,-0.884,7.56,83.19,33.82,2564.54
535.53,4308.18,538.91,14.86,535.48,-0.906,7.41,88.16,31.66,2395.6
352.27,3714.47,539.47,9.9,532.14,-0.911,7.03,86.21,12.7,2641.15
436.19,3912.68,553.61,11.66,534.8,-0.904,6.33,84.44,38.14,2422.66
567.94,3688.28,527.85,13.83,531.49,-0.9,7.37,86.17,36.43,2587.19
546.47,3760.03,537.78,13.28,537.24,-0.944,6.82,87.08,21.86,2463.94
654.36,3786.59,540.44,17.39,553.31,-0.888,7.01,86.37,32.33,2360.67
542.31,3709.71,532.11,13.16,533.08,-0.911,7.54,84.02,31.25,2617.01
498.03,3710.66,538.23,12.79,538.63,-0.868,8.01,89.52,16.58,2471.05
586.04,3874.03,525.2,15.45,553.95,-0.885,7.28,88.11,18.18,2548.56
630.03,3680.99,549.28,15.58,531.05,-0.871,7.58,85.96,33.86,2365.07
573.42,4051.58,532.55,14.19,552.33,-0.925,6.58,86.03,41.87,2469.21
648.6,3734.8,554.25,16.8,536.05,-0.909,7.42,87.08,30.44,2221.53
592.42,4405.72,537.74,15.76,552.04,-0.931,7.27,84.69,30.17,2332.13
618.71,3818.75,546.22,16.83,542.75,-0.918,7.91,87.02,32.69,2401.04
385.37,3912.96,537.57,10.44,538.76,-0.869,7.03,84.37,26.1,2616.56
577.05,3666.84,537.75,15.05,535.41,-0.863,7.18,86.39,13.73,2472.42
486.43,4207.1,533.33,12.12,530.38,-0.929,7.83,84.63,24.69,2507.2
521.46,4101.51,538.95,12.81,536.68,-0.911,7.25,84.71,40.81,2483.78
552.77,3953.44,540.54,14.01,544.08,-0.902,6.75,89.13,37.76,2369.09
650.64,3657.58,531.73,17.2,535.88,-0.885,8.58,86.59,41.68,2545.41
655.22,3937.92,537.0,17.27,533.15,-0.944,6.76,86.83,16.89,2346.32
439.35,3698.14,533.12,9.95,533.74,-0.94,7.27,83.28,28.19,2677.0
577.46,4163.22,555.0,14.46,544.93,-0.888,7.47,85.54,30.71,2238.63
582.49,4045.66,537.28,15.99,547.03,-0.949,7.43,87.24,18.72,2383.76
457.41,3917.18,550.36,11.95,530.0,-0.911,7.21,86.81,18.43,2421.96
388.4,3461.45,536.44,9.11,529.98,-0.896,7.21,83.05,37.03,2739.97
362.69,3722.99,540.07,11.08,539.41,-0.89,7.18,86.83,33.5,2635.8
590.98,4023.8,527.43,15.35,549.75,-0.904,6.74,87.09,32.71,2544.79
501.81,4118.32,534.42,13.32,546.31,-0.909,8.38,88.55,20.54,2469.17
655.52,4099.65,539.68,17.32,524.73,-0.879,7.19,85.45,28.22,2366.69
494.14,3613.44,550.69,12.59,533.62,-0.893,7.6,82.91,12.74,2437.05
653.15,3954.28,539.78,16.47,527.62,-0.916,7.13,84.91,16.16,2359.81
477.59,4082.79,549.07,13.9,533.59,-0.899,7.12,84.74,28.58,2429.5
596.04,3601.5,543.13,16.2,550.44,-0.89,7.07,87.68,21.91,2393.1
376.29,3898.58,551.02,10.36,523.2,-0.857,6.53,82.15,42.9,2517.29
522.19,3949.29,537.53,13.98,521.43,-0.88,7.22,85.78,27.09,2436.38
598.64,3845.86,555.0,14.86,528.54,-0.87,7.1,88.78,14.67,2216.22
636.66,3566.61,534.12,17.45,538.59,-0.915,7.89,86.51,12.57,2489.62
605.0,3841.37,531.87,15.14,541.59,-0.913,6.7,87.93,35.21,2436.02
361.46,3841.09,528.32,9.6,539.94,-0.906,7.01,83.87,17.49,2726.16
465.54,3873.35,555.0,10.96,546.58,-0.904,6.85,83.94,18.01,2343.79
365.1,3798.58,544.56,9.0,520.13,-0.925,8.02,88.8,25.56,2566.56
383.88,3820.26,535.33,10.2,546.7,-0.868,6.87,86.66,20.45,2590.81
559.34,3892.85,547.99,13.98,533.19,-0.878,7.58,86.67,31.73,2383.72
571.11,3979.64,543.5,13.46,542.58,-0.908,7.79,84.71,27.54,2400.81
589.85,3845.2,553.73,15.71,524.09,-0.884,7.23,86.66,15.57,2243.88
618.29,3826.26,525.62,17.56,536.04,-0.894,6.61,84.67,37.11,2531.25
579.22,3916.62,535.88,16.03,538.13,-0.882,6.62,88.4,25.63,2391.82
598.27,3554.24,534.3,15.37,546.4,-0.934,7.73,90.86,31.55,2455.36
365.18,3985.87,522.21,9.5,521.73,-0.904,6.67,87.27,12.13,2726.56
422.71,3899.9,546.48,11.61,536.28,-0.901,7.5,85.48,32.04,2511.44
542.79,3907.14,535.84,14.9,526.23,-0.884,7.36,82.45,21.05,2461.05
616.02,4072.93,543.92,15.78,540.55,-0.916,7.49,83.8,27.82,2338.97
351.4,3548.49,555.0,9.16,542.99,-0.96,7.54,88.99,21.53,2534.47
509.54,3544.71,535.17,13.46,547.58,-0.927,6.83,84.85,43.88,2598.1
559.96,3949.28,534.63,14.95,531.18,-0.902,6.81,85.91,19.39,2498.41
359.18,3898.72,538.95,9.25,544.35,-0.898,7.66,87.55,41.21,2620.29
474.42,3930.63,545.9,12.25,548.25,-0.858,6.99,88.87,41.37,2465.24
627.65,3816.82,533.47,17.28,521.21,-0.885,5.92,86.18,25.47,2447.59
558.2,4019.58,532.95,15.36,541.51,-0.898,7.62,85.85,21.73,2500.95
423.67,4067.87,546.46,11.35,544.63,-0.901,6.78,86.61,24.19,2406.85
614.36,3987.12,541.03,17.18,533.67,-0.872,7.53,85.5,43.66,2390.94
457.89,3853.05,521.64,11.63,525.1,-0.915,8.0,85.58,31.8,2767.38
614.54,3520.62,528.2,17.11,544.49,-0.904,7.31,87.16,29.43,2541.83
442.67,4038.46,550.01,11.89,525.2,-0.927,7.8,86.8,13.15,2433.41
533.0,4119.91,541.22,16.15,534.39,-0.865,7.38,89.91,39.13,2393.12
473.05,4016.02,531.9,11.46,535.64,-0.89,8.09,87.2,14.68,2562.67
435.2,3741.66,536.64,10.83,542.44,-0.918,6.77,88.34,13.5,2504.94
624.83,4021.28,538.11,16.54,530.36,-0.903,7.3,84.79,20.8,2367.19
408.15,4054.9,543.89,10.89,529.84,-0.887,7.64,87.34,27.23,2483.26
376.29,4180.59,527.13,11.15,536.89,-0.906,7.2,85.34,40.65,2699.08
456.0,3742.3,531.27,11.39,545.06,-0.913,7.88,87.13,37.28,2663.26
572.47,3859.24,540.18,15.52,555.0,-0.916,7.08,87.6,18.32,2412.0
600.3,4034.51,537.2,16.42,522.43,-0.892,8.33,86.58,23.91,2415.21
659.61,3910.33,542.57,17.64,538.84,-0.909,8.36,90.35,36.97,2310.91
441.87,3698.88,528.16,10.82,526.22,-0.911,7.44,88.78,28.87,2669.95
476.46,3974.63,540.86,13.37,545.17,-0.933,7.58,88.38,17.58,2427.58
392.41,4004.16,546.73,11.06,527.55,-0.898,7.9,87.72,24.67,2532.4
528.21,3915.83,541.89,14.15,529.93,-0.905,6.71,89.32,32.03,2406.19
659.25,3939.53,539.11,17.28,530.7,-0.908,6.64,84.2,43.14,2378.69
567.27,3853.43,537.23,14.91,535.31,-0.895,7.93,88.69,33.18,2486.03
534.52,4166.09,531.32,13.84,538.91,-0.881,7.44,84.91,12.52,2484.21
471.63,3737.88,537.42,12.71,540.35,-0.882,7.19,85.6,34.56,2541.22
633.74,3794.28,548.08,16.5,535.95,-0.886,7.31,87.4,20.03,2272.81
504.04,3901.98,537.05,12.51,524.03,-0.906,6.11,88.47,39.59,2510.79
391.65,4058.21,530.88,9.45,542.55,-0.914,7.2,84.65,24.28,2646.83
463.27,3630.47,534.06,11.52,535.52,-0.926,6.92,85.68,18.39,2554.72
370.82,3664.15,539.61,9.8,546.46,-0.915,7.76,86.66,26.97,2664.72
412.61,3533.21,535.01,10.71,529.63,-0.9,7.8,86.2,20.17,2663.81
355.48,3905.89,541.88,9.39,521.58,-0.92,7.59,87.87,19.55,2548.59
490.52,3698.7,542.18,13.1,535.69,-0.898,7.5,91.0,30.34,2449.04
546.71,3830.78,545.11,13.78,547.66,-0.924,6.55,87.17,36.56,2430.98
456.42,4019.05,549.39,12.89,537.45,-0.942,7.6,85.32,38.72,2401.83
480.32,3784.52,545.97,12.3,534.2,-0.88,7.61,84.43,24.73,2477.88
647.35,3941.63,530.53,16.53,528.17,-0.912,7.92,85.98,14.14,2443.54
583.11,3846.12,530.77,15.5,551.82,-0.921,8.36,85.0,27.49,2598.97
517.67,4020.98,537.39,12.17,526.73,-0.927,6.45,87.25,25.88,2455.3
438.21,3985.52,534.39,10.84,529.47,-0.889,7.11,87.22,18.3,2526.47
628.07,3775.45,528.89,17.02,541.13,-0.866,6.93,85.76,40.68,2571.7
422.88,3869.64,534.47,9.78,519.3,-0.91,7.39,89.68,43.17,2571.03
450.86,4087.87,534.2,12.5,547.47,-0.905,7.31,85.32,13.66,2544.44
631.81,3970.81,532.63,17.48,541.62,-0.873,7.18,86.31,37.46,2465.53
514.16,3648.55,535.47,13.11,544.09,-0.945,7.81,87.52,32.66,2547.81
580.12,4018.01,547.43,15.29,541.02,-0.851,6.75,87.93,20.37,2317.21
533.13,3704.77,539.59,14.64,534.55,-0.839,6.78,88.54,32.32,2467.75
552.57,4154.25,555.0,14.04,526.43,-0.96,6.79,87.19,16.12,2235.63
442.81,4084.34,539.36,12.12,534.74,-0.902,7.12,88.18,14.22,2414.09
424.83,3952.18,535.68,10.58,527.22,-0.918,6.69,85.44,43.79,2613.88
449.97,3928.3,538.03,11.36,540.38,-0.907,7.28,87.97,32.36,2526.68
398.19,3862.37,540.05,9.79,543.26,-0.91,7.22,87.95,20.1,2584.18
621.04,4022.13,541.48,16.39,549.29,-0.88,6.91,88.92,26.4,2316.3
437.81,3833.26,554.61,12.19,539.35,-0.903,7.74,83.83,42.4,2524.25
524.06,3942.4,531.24,13.5,544.32,-0.923,7.27,85.05,26.04,2563.81
595.51,4056.95,544.87,14.59,533.33,-0.904,7.83,87.82,40.81,2358.8
592.99,3798.87,539.66,14.66,531.7,-0.887,7.2,82.26,39.8,2518.14
485.9,3789.09,525.43,12.91,540.26,-0.93,7.29,87.29,23.01,2655.96
497.64,3685.01,544.17,14.23,532.52,-0.941,7.02,88.2,34.27,2489.34
658.36,3708.39,548.14,17.39,538.42,-0.85,7.3,85.58,33.14,2278.18
559.13,3570.89,531.14,14.27,526.45,-0.916,7.66,85.81,36.68,2583.14
602.54,4031.37,537.93,16.2,528.07,-0.903,7.09,84.78,23.71,2441.29
629.79,4225.6,524.2,16.21,541.72,-0.91,7.56,85.67,13.67,2418.15
594.15,4156.56,527.93,15.18,543.98,-0.886,6.89,85.71,17.47,2477.73
407.41,3607.3,546.38,9.92,527.13,-0.856,7.68,85.41,31.73,2618.7
524.27,4030.47,534.27,14.62,542.04,-0.886,7.01,85.32,36.8,2499.81
381.59,4155.98,529.13,9.0,531.21,-0.938,7.73,86.07,36.19,2614.39
552.41,3817.77,539.84,14.92,536.15,-0.935,7.33,86.05,30.68,2453.26
646.16,3918.26,533.82,16.48,548.75,-0.91,8.06,89.5,14.71,2443.87
508.95,3538.58,534.23,12.95,543.27,-0.907,6.72,85.87,12.55,2538.12
484.22,3948.01,543.91,13.77,543.16,-0.943,6.56,87.05,37.03,2423.61
361.11,3708.56,528.71,9.0,553.18,-0.88,6.99,85.58,29.58,2723.53
647.53,3935.93,530.76,16.36,529.67,-0.927,6.61,85.56,37.05,2479.81
381.93,3618.98,539.23,9.84,527.13,-0.863,6.61,83.77,17.21,2635.41
362.73,3997.71,545.76,9.72,529.5,-0.854,7.61,83.99,25.04,2555.14
426.28,4084.41,547.91,10.77,533.71,-0.906,7.3,84.57,41.41,2531.95
370.31,3759.03,532.68,9.0,514.81,-0.889,7.06,86.79,17.49,2681.86
491.09,3695.35,545.5,12.16,534.13,-0.931,7.11,88.22,13.97,2408.99
509.99,3511.92,531.73,14.16,531.1,-0.884,7.0,83.64,32.91,2623.9
446.9,3852.05,552.61,11.67,543.05,-0.912,8.13,85.62,31.03,2499.95
365.8,3795.31,528.93,9.83,539.17,-0.927,6.93,84.31,42.46,2758.77
384.6,3620.82,548.63,9.82,530.59,-0.907,6.64,86.08,41.01,2526.99
469.2,3981.54,532.75,11.74,541.31,-0.912,7.7,88.22,35.98,2525.15
368.76,3819.01,554.11,10.76,542.51,-0.908,7.19,85.78,12.61,2434.78
566.44,3706.37,542.73,14.6,529.08,-0.876,8.32,86.42,27.37,2441.52
414.18,3800.18,529.87,10.46,531.56,-0.92,7.04,88.83,40.68,2605.99
443.64,4092.83,533.82,12.3,515.97,-0.857,7.72,87.23,25.88,2535.31
472.18,4008.53,544.25,11.77,526.18,-0.933,7.84,85.28,42.79,2481.49
479.15,3876.6,546.42,12.04,529.32,-0.86,7.04,86.75,32.88,2446.38
350.51,4011.44,537.43,9.12,536.67,-0.925,6.93,85.18,15.5,2646.19
384.74,3691.04,538.36,10.0,527.49,-0.9,7.67,87.17,28.3,2638.48
617.46,3905.83,544.07,16.24,531.38,-0.912,7.59,87.32,34.26,2358.82
350.38,3926.52,539.05,10.57,524.97,-0.909,6.59,84.31,14.09,2612.63
507.53,3815.43,527.65,13.43,537.54,-0.88,6.74,86.78,23.03,2579.56
501.75,3978.38,531.5,11.38,539.83,-0.863,6.03,86.31,34.95,2546.92
453.26,3759.52,539.88,12.01,539.62,-0.87,7.6,87.37,17.03,2548.78
483.71,3991.77,547.72,12.6,536.11,-0.91,7.17,87.83,23.15,2395.73
591.98,3999.33,550.93,15.42,522.13,-0.895,7.22,87.26,34.08,2376.03
610.77,3374.91,544.24,16.05,530.42,-0.92,6.45,86.01,36.82,2473.84
430.71,4114.26,540.3,11.18,532.33,-0.925,6.75,87.99,28.59,2446.54
449.97,3351.43,543.99,11.66,532.37,-0.929,7.06,85.1,42.62,2637.27
425.17,3789.11,532.67,11.48,536.67,-0.911,6.96,84.39,41.61,2653.71
498.76,4084.56,536.77,12.59,548.83,-0.894,7.36,81.39,27.15,2552.76
561.81,3842.89,531.41,13.94,543.31,-0.948,7.59,86.39,17.13,2471.96
420.76,3636.09,528.01,13.06,527.11,-0.901,8.43,85.19,36.73,2743.65
452.53,3703.13,540.67,11.26,542.11,-0.862,7.29,87.14,19.78,2553.91
638.42,4084.84,539.48,16.67,541.76,-0.872,7.86,83.35,38.97,2443.32
365.06,3554.13,543.5,9.0,528.75,-0.915,6.89,85.46,30.79,2652.92
492.84,4103.22,542.37,12.9,543.64,-0.935,6.46,87.25,24.61,2422.24
570.58,3890.08,539.94,14.18,534.56,-0.889,7.12,84.85,29.8,2460.36
396.64,3685.37,542.45,10.0,523.31,-0.958,6.5,87.15,29.05,2566.66
364.69,3795.04,537.66,10.21,540.1,-0.872,7.31,85.61,41.59,2669.19
392.84,3716.9,541.3,10.54,537.95,-0.905,6.91,86.45,18.86,2598.98
634.84,4055.92,532.19,16.9,533.95,-0.854,6.32,87.45,41.7,2440.98
352.87,4031.84,540.96,9.0,535.66,-0.943,8.17,88.02,13.0,2559.23
408.38,3590.55,543.35,11.9,529.53,-0.877,7.03,86.65,36.61,2600.83
359.7,3827.35,532.64,9.0,541.49,-0.903,6.48,85.2,41.43,2748.48
384.3,3744.63,538.41,11.06,535.61,-0.908,7.75,85.77,24.61,2644.22
542.25,4132.83,533.01,14.81,537.5,-0.934,6.94,87.52,14.34,2429.51
424.91,3656.98,533.79,11.45,539.21,-0.885,7.85,84.87,37.75,2719.38
526.46,4188.76,529.0,13.09,525.61,-0.883,6.93,86.22,38.97,2527.55
532.96,3894.01,548.13,13.96,527.95,-0.855,7.03,85.88,22.76,2362.88
613.32,3690.85,546.53,15.62,516.11,-0.875,7.47,86.33,28.59,2395.15
351.47,3778.09,542.3,9.16,541.08,-0.915,7.6,84.89,37.9,2658.31
614.54,3755.71,553.78,15.8,525.09,-0.925,7.68,83.54,18.15,2367.23
541.93,3670.57,536.49,12.66,537.19,-0.934,7.26,87.33,32.13,2544.5
400.45,3917.07,555.0,11.2,539.34,-0.863,7.56,88.04,25.78,2413.67
589.61,3678.98,536.18,15.27,541.42,-0.919,7.67,83.63,17.58,2527.84
615.2,3507.53,540.04,15.66,525.16,-0.863,7.4,87.09,38.61,2492.8
428.82,3831.66,534.82,10.76,535.41,-0.887,7.23,88.23,22.39,2619.66
634.83,3575.49,540.98,16.76,551.03,-0.892,6.58,87.45,41.9,2407.96
490.88,3764.61,544.68,12.14,551.43,-0.908,7.6,85.83,30.21,2504.74
537.06,3736.36,537.09,12.38,544.89,-0.883,7.32,84.99,28.46,2531.28
655.24,3743.18,552.21,17.32,539.04,-0.9,7.09,86.63,25.55,2267.84
462.08,4260.17,539.91,12.38,526.95,-0.909,7.94,86.9,24.82,2441.89
602.08,3910.15,540.16,15.51,542.47,-0.883,6.59,86.65,38.17,2416.34
448.7,3944.17,530.73,10.86,534.58,-0.904,8.12,86.21,33.68,2657.89
597.76,3580.25,541.35,15.6,541.04,-0.92,7.29,84.77,36.76,2520.1
536.23,3782.29,536.93,12.92,530.3,-0.885,7.46,87.18,25.47,2504.1
417.07,3938.75,533.13,10.12,534.44,-0.902,7.1,87.25,20.37,2578.18
478.35,3715.58,531.79,11.91,537.48,-0.888,6.47,86.82,14.78,2590.12
448.47,4063.45,555.0,12.25,538.22,-0.911,7.23,86.68,36.85,2359.39
374.21,3683.51,535.89,9.48,540.44,-0.93,7.47,89.19,25.29,2673.95
359.25,3848.45,526.34,9.03,530.79,-0.857,7.64,85.5,28.3,2798.73
457.41,3794.51,532.41,13.26,523.91,-0.861,7.2,88.55,27.02,2629.67
355.9,3929.58,537.59,9.5,550.62,-0.878,6.2,85.33,25.8,2620.55
401.3,3784.71,542.37,10.67,555.0,-0.91,6.53,88.27,33.88,2531.17
574.81,3851.24,542.44,14.69,540.03,-0.908,8.33,88.47,31.48,2432.06
569.51,3857.5,543.41,14.39,524.08,-0.865,6.75,86.03,43.11,2440.62
578.96,3767.81,532.84,13.52,529.04,-0.909,8.01,89.16,16.44,2468.37
448.32,3987.32,540.72,12.33,540.58,-0.916,6.83,87.25,30.35,2532.18
625.91,3942.91,530.99,16.59,548.07,-0.853,7.21,85.1,14.02,2465.92
534.09,3884.05,533.04,13.76,525.08,-0.901,7.61,85.9,37.85,2535.26
389.07,3822.52,530.66,10.02,534.88,-0.856,6.89,88.31,31.72,2718.83
394.55,4043.38,528.49,10.77,537.76,-0.935,8.1,87.98,25.71,2660.71
564.86,3857.55,546.51,13.6,543.78,-0.887,7.34,84.81,37.67,2391.6
403.61,3844.79,543.51,10.08,532.91,-0.848,7.53,86.28,26.56,2540.74
507.26,3918.84,545.81,12.39,521.93,-0.899,7.17,86.83,19.29,2448.58
657.45,4205.39,538.31,18.0,541.59,-0.907,7.63,85.69,27.12,2383.83
351.24,3658.74,544.21,9.75,546.12,-0.929,8.09,90.27,14.27,2607.76
355.14,4038.57,523.91,9.0,535.26,-0.873,7.23,86.87,40.73,2791.93
657.86,3559.23,544.9,16.04,539.65,-0.919,8.16,86.4,35.39,2444.68
531.24,3939.11,539.42,13.72,531.73,-0.902,6.99,88.41,36.33,2465.74
389.34,4183.51,543.02,9.79,528.39,-0.931,7.68,85.92,39.98,2550.9
628.16,3987.96,541.04,15.41,545.24,-0.861,7.54,88.11,37.33,2384.58
622.92,3930.71,530.1,17.56,539.49,-0.871,6.77,83.83,25.82,2502.33
516.22,3799.12,526.02,13.64,540.41,-0.901,7.41,85.77,15.8,2589.05
542.76,3905.59,532.3,14.44,549.52,-0.929,7.3,88.18,23.95,2516.38
434.69,3854.63,542.52,10.82,526.51,-0.862,6.87,89.01,41.89,2565.79
365.66,3758.52,543.52,10.01,531.03,-0.909,7.48,85.26,42.37,2635.74
534.32,3847.82,527.06,13.63,537.42,-0.928,7.37,85.08,36.57,2607.74
441.37,3935.71,530.15,11.28,530.92,-0.944,7.26,87.41,18.54,2604.38
555.72,3761.9,532.21,14.88,543.05,-0.916,7.27,85.5,18.22,2510.25
609.24,3754.87,535.14,14.7,534.31,-0.936,7.25,86.07,40.15,2452.08
355.63,3655.16,527.1,10.36,527.07,-0.916,7.12,87.9,16.54,2764.73
534.67,3970.33,526.62,14.03,536.59,-0.881,7.37,85.63,30.69,2574.77
421.7,3998.16,531.43,11.86,537.53,-0.909,6.98,83.36,24.1,2632.27
620.91,3941.7,538.69,15.39,544.41,-0.891,8.63,84.42,21.66,2423.51
428.64,4073.73,528.56,10.5,539.54,-0.918,6.6,86.52,33.68,2647.7
539.34,3915.82,537.07,13.21,540.15,-0.898,7.01,83.52,42.71,2553.64
521.6,3970.56,546.47,13.74,538.88,-0.852,7.05,86.02,36.88,2414.81
472.81,3954.69,527.59,12.34,534.31,-0.909,8.32,84.27,27.56,2632.35
560.06,3883.52,536.35,14.24,529.55,-0.89,6.64,89.12,26.1,2419.48
574.99,3804.45,546.2,14.24,538.6,-0.939,7.51,89.96,41.05,2395.15
525.75,4298.55,534.65,12.78,533.0,-0.862,7.42,84.81,30.5,2480.64
585.11,3818.65,533.41,15.18,551.21,-0.912,7.47,86.91,27.89,2494.99
654.86,3780.14,547.31,16.7,548.08,-0.874,7.92,84.96,33.85,2367.86
479.97,3978.12,535.55,12.0,541.7,-0.903,7.91,86.01,19.59,2562.11
509.52,3945.33,546.84,14.33,539.41,-0.885,7.07,89.39,14.04,2353.99
353.87,3647.14,541.43,9.14,535.21,-0.883,7.4,85.75,39.36,2693.5
596.77,4102.08,535.26,16.41,524.65,-0.911,6.37,86.04,31.43,2371.12
511.27,3883.04,541.84,12.92,534.05,-0.873,7.35,84.99,17.28,2540.28
476.47,3700.03,540.56,12.56,536.91,-0.919,6.9,88.33,21.54,2491.01
379.16,4113.98,546.17,9.82,538.07,-0.881,7.21,81.28,43.68,2585.95
625.79,4012.62,533.61,15.08,540.23,-0.91,6.46,85.79,32.3,2427.61
472.45,3672.38,538.33,13.28,544.29,-0.891,7.5,86.43,32.36,2574.61
561.6,4219.89,537.51,14.51,529.77,-0.912,6.45,85.44,14.31,2364.9
396.31,4018.58,543.63,10.83,529.85,-0.899,7.37,87.88,43.01,2540.8
648.08,3898.16,529.8,16.32,549.06,-0.927,6.69,88.42,40.57,2415.08
405.32,4186.24,546.14,10.42,542.94,-0.894,6.88,84.24,29.53,2491.61
411.86,3928.67,541.73,10.1,532.48,-0.899,7.88,89.85,21.9,2471.23
616.28,3894.95,527.46,16.89,535.04,-0.914,7.59,84.22,34.34,2596.15
632.9,3781.15,547.67,16.67,535.08,-0.901,7.87,88.56,38.67,2367.54
415.77,4004.73,555.0,11.07,536.28,-0.897,8.08,86.74,37.16,2463.36
495.64,3985.79,546.01,13.84,540.25,-0.915,6.91,85.69,43.27,2399.78
577.38,3902.64,549.42,15.82,555.0,-0.903,8.05,85.85,32.38,2353.25
622.29,3757.8,538.68,16.72,537.71,-0.925,6.57,86.45,22.28,2430.51
467.51,3923.39,524.71,11.16,541.96,-0.841,7.67,86.83,27.93,2782.7
510.28,3887.44,523.25,12.78,520.82,-0.874,7.05,85.03,38.12,2698.37
579.93,3659.97,540.04,14.38,531.64,-0.893,6.83,86.13,20.49,2473.35
576.65,3635.07,533.26,15.5,547.06,-0.871,7.61,85.27,19.41,2558.23
592.72,4001.73,530.68,15.53,539.62,-0.949,7.77,84.56,35.19,2494.08
526.68,3431.66,537.5,12.72,505.0,-0.96,7.76,85.19,26.22,2618.9
382.43,3936.97,542.92,9.81,542.07,-0.91,7.41,84.66,38.13,2565.97
630.23,3813.95,526.38,15.34,553.26,-0.934,7.37,85.83,16.6,2468.81
618.33,4135.48,534.41,16.04,518.04,-0.906,7.56,87.19,22.74,2353.38
597.41,3811.18,550.08,14.37,549.67,-0.895,7.45,86.69,20.58,2350.78
380.96,4018.71,529.4,10.28,511.05,-0.877,7.57,89.66,34.33,2655.18
413.36,3828.56,544.96,11.01,544.44,-0.928,7.4,82.96,36.3,2585.85
580.52,3920.47,534.12,16.43,535.92,-0.89,7.72,87.25,26.59,2474.7
357.17,4032.63,542.37,9.88,514.85,-0.9,6.49,86.51,27.3,2512.01
653.56,3816.74,546.78,16.7,540.02,-0.891,7.23,87.81,16.23,2261.03
466.91,4079.38,543.93,12.71,546.36,-0.913,6.61,87.65,34.46,2413.72
572.99,3721.13,545.27,13.92,539.27,-0.865,7.44,86.24,43.75,2413.77
625.15,3953.03,528.79,15.58,541.26,-0.903,8.12,86.78,36.89,2498.2
472.34,4066.08,546.91,12.51,532.29,-0.856,7.06,85.31,19.14,2387.2
448.93,4018.81,531.18,10.16,519.25,-0.92,7.36,87.48,31.94,2605.68
538.71,4244.96,540.08,13.98,542.23,-0.881,7.68,83.49,21.44,2445.29
530.11,3762.58,540.07,13.07,551.75,-0.901,6.27,87.74,12.97,2385.11
476.83,3651.75,541.88,12.47,546.17,-0.908,7.04,86.46,17.75,2504.18
536.55,3721.02,540.7,13.2,518.11,-0.884,7.48,85.72,15.28,2530.16
639.97,4018.88,531.25,16.94,522.37,-0.907,5.85,86.13,18.27,2347.07
494.97,3989.63,527.2,12.88,528.39,-0.96,6.81,86.25,37.46,2605.38
410.99,3918.41,544.98,11.67,521.66,-0.96,7.85,88.58,21.37,2497.41
466.93,3697.87,539.49,12.14,536.4,-0.868,7.8,91.0,36.23,2578.78
472.17,4038.04,547.2,11.74,539.54,-0.869,7.49,88.45,42.36,2448.99
390.64,3679.55,537.64,9.98,523.13,-0.853,7.74,85.6,30.38,2664.51
400.49,4108.61,526.76,9.47,542.99,-0.9,7.41,87.51,27.53,2651.52
562.21,4414.34,545.73,14.9,541.41,-0.932,7.58,87.58,36.0,2304.19
455.24,3965.96,535.04,12.25,531.07,-0.91,7.14,85.02,15.11,2545.59
646.02,4004.96,540.74,18.0,534.45,-0.9,7.36,84.48,25.7,2322.53
425.51,3811.29,532.82,10.63,518.45,-0.925,6.98,86.4,27.96,2659.17
380.67,3574.16,551.15,9.71,533.01,-0.859,7.93,87.79,38.59,2609.73
583.59,3791.51,530.99,14.77,536.07,-0.844,8.06,83.92,38.05,2563.66
623.12,3703.28,535.3,16.35,537.52,-0.888,7.99,85.35,39.14,2508.38
436.22,3639.54,538.86,11.61,539.41,-0.9,7.1,87.42,34.33,2592.95
412.65,4210.02,529.26,10.69,538.2,-0.932,6.82,86.57,28.98,2557.95
407.59,3949.12,540.64,11.36,533.62,-0.861,7.94,88.77,38.49,2521.78
511.82,3968.34,550.9,12.88,538.58,-0.898,7.57,84.24,39.95,2404.14
495.21,3844.38,534.08,13.57,545.02,-0.907,7.46,90.26,27.38,2513.79
430.43,3868.88,541.16,11.57,535.14,-0.888,6.98,84.04,43.54,2550.49
364.0,4073.62,516.0,9.46,538.86,-0.915,7.51,83.25,39.99,2854.92
499.26,3894.18,537.69,12.76,534.32,-0.896,6.76,86.41,28.34,2533.23
647.39,3995.52,535.5,18.0,530.18,-0.936,7.62,84.68,14.22,2410.93
552.28,3864.72,531.45,13.79,540.71,-0.873,7.99,86.44,19.18,2534.01
503.61,3838.41,546.65,13.3,531.0,-0.903,8.12,86.38,36.84,2427.65
384.31,3646.76,535.39,9.47,539.48,-0.871,7.65,86.19,15.56,2690.98
428.26,3544.01,536.58,12.38,536.25,-0.905,6.61,85.15,27.03,2643.13
441.38,3852.92,534.98,12.1,533.26,-0.903,7.4,87.19,31.36,2608.21
587.09,3910.17,522.67,14.79,533.05,-0.93,8.37,85.99,40.11,2678.95
621.78,3668.5,528.94,16.53,531.43,-0.881,6.87,88.27,39.11,2498.42
629.51,3893.79,545.69,16.55,521.19,-0.922,7.27,86.21,36.46,2265.39
655.22,3909.68,521.12,16.67,539.45,-0.912,8.01,84.96,25.05,2526.59
654.53,3511.92,531.87,17.55,538.08,-0.9,7.61,83.8,16.55,2531.72
645.43,3735.28,534.8,17.05,543.65,-0.897,8.54,86.22,33.43,2492.58
372.26,3973.31,551.95,9.83,531.22,-0.943,6.93,84.47,17.8,2431.77
392.72,3969.67,544.15,10.18,553.06,-0.906,6.81,84.34,29.96,2503.54
444.38,3692.34,533.54,11.86,532.58,-0.88,7.91,87.34,43.38,2663.01
521.4,3928.52,548.44,13.72,528.12,-0.909,6.7,83.66,29.61,2370.73
380.06,4084.03,532.08,9.92,527.06,-0.906,7.2,88.76,32.66,2628.48
612.2,4039.87,546.07,15.47,520.39,-0.896,7.27,86.76,33.68,2311.92
541.19,3882.85,527.13,15.26,549.79,-0.903,7.82,86.43,38.57,2591.61
518.13,3815.76,546.59,12.74,548.34,-0.926,7.61,84.84,25.92,2428.96
401.25,3786.72,534.75,10.73,541.41,-0.901,7.53,87.72,27.92,2644.26
428.51,3984.21,529.77,10.92,527.94,-0.875,7.1,86.5,17.63,2608.99
399.7,3935.12,536.26,11.62,552.3,-0.926,7.91,85.4,31.67,2641.07
614.1,4013.29,540.22,15.33,532.83,-0.909,9.0,86.82,21.46,2408.61
531.11,3923.74,534.04,13.29,533.58,-0.935,7.65,83.81,28.24,2545.18
577.89,4047.38,542.43,14.35,548.94,-0.876,7.35,83.88,36.53,2393.59
441.77,3917.03,533.34,11.71,541.93,-0.902,6.65,84.71,12.56,2549.04
465.09,4041.24,542.96,11.13,555.0,-0.921,6.98,87.06,30.05,2444.55
475.51,4056.75,541.54,12.03,538.24,-0.898,7.19,86.49,17.55,2506.52
585.6,3755.19,537.51,13.72,532.43,-0.93,7.03,88.18,20.94,2388.74
589.43,3574.53,534.47,15.49,530.49,-0.926,7.29,85.03,13.11,2496.61
414.11,4177.83,539.21,10.42,519.38,-0.937,8.19,87.42,17.42,2516.51
641.88,3946.2,542.4,15.65,533.49,-0.927,7.92,86.32,43.57,2376.49
387.4,3591.39,554.49,10.83,546.3,-0.866,7.22,84.99,43.95,2587.93
627.8,3771.51,545.52,15.41,541.39,-0.918,6.7,87.12,35.04,2335.01
381.12,4038.94,545.81,10.47,536.18,-0.888,7.97,86.39,31.58,2536.22
432.01,3849.66,555.0,10.74,527.05,-0.921,7.28,85.49,36.86,2468.89
612.41,3807.83,542.13,17.04,538.04,-0.881,6.44,86.57,40.69,2444.27
405.64,4152.16,541.88,11.07,545.12,-0.926,7.66,86.29,28.62,2558.81
478.21,3711.49,543.63,11.73,539.88,-0.899,7.81,86.25,13.13,2497.51
489.46,3756.33,529.93,12.08,537.5,-0.899,6.09,85.84,34.7,2600.34
426.03,3938.05,534.45,11.5,528.83,-0.842,6.89,84.41,43.51,2642.93
570.18,3970.28,533.95,14.64,543.8,-0.884,7.24,86.62,20.26,2462.87
613.91,3989.34,543.18,15.84,507.81,-0.915,7.67,85.22,26.83,2345.38
621.12,4064.02,536.61,17.04,539.45,-0.883,7.04,84.87,23.56,2418.86
455.19,3935.74,539.11,11.31,555.0,-0.847,6.88,86.11,24.49,2529.19
514.56,3988.09,546.7,13.44,522.42,-0.941,7.66,87.67,35.08,2407.91
427.01,3853.34,544.91,11.77,533.83,-0.921,7.07,86.8,24.11,2463.05
425.89,3911.29,536.71,11.64,535.93,-0.906,7.57,85.65,42.11,2624.54
399.99,3919.36,532.64,10.29,531.84,-0.91,6.74,85.59,37.27,2595.17
641.41,3938.72,547.08,16.47,545.33,-0.908,6.62,87.52,12.88,2226.9
625.28,4039.06,544.19,15.04,540.25,-0.933,7.68,82.67,38.19,2369.76
590.98,3999.93,525.15,14.63,537.37,-0.865,7.43,87.78,36.73,2548.47
510.48,3907.96,535.49,13.5,543.18,-0.936,7.76,83.5,28.53,2613.83
502.09,3754.36,539.32,12.96,536.15,-0.905,7.03,84.24,27.9,2552.34
514.22,3912.18,544.23,13.42,555.0,-0.874,6.9,85.68,38.74,2499.16
516.34,3894.96,545.28,14.15,537.36,-0.901,7.98,89.97,25.59,2428.87
484.71,3934.77,540.27,11.77,537.76,-0.924,6.54,89.18,17.1,2456.48
390.84,4297.17,542.68,10.0,520.61,-0.934,7.93,87.63,22.01,2531.95
388.96,3805.72,538.51,10.24,531.11,-0.906,7.96,87.07,20.49,2594.22
645.2,3976.01,532.61,16.28,546.33,-0.919,7.73,83.52,33.79,2448.49
499.43,4092.32,535.91,13.99,523.98,-0.895,6.96,86.75,17.72,2482.79
645.49,3917.64,538.15,17.42,516.58,-0.935,6.89,85.62,32.63,2382.58
400.71,4320.81,537.72,10.62,536.29,-0.88,7.19,85.19,26.91,2537.32
521.87,3831.95,522.92,14.82,548.34,-0.897,6.65,86.75,38.87,2631.16
414.39,3958.34,534.82,9.72,536.38,-0.895,6.82,85.75,27.52,2577.37
428.49,3756.21,538.45,11.14,532.97,-0.864,7.62,87.89,41.75,2661.6
359.32,3836.73,535.75,9.6,519.27,-0.911,7.62,83.4,40.82,2691.65
386.88,3944.81,536.03,9.42,540.07,-0.918,6.78,86.62,17.93,2598.28
634.22,4052.33,541.9,16.7,541.95,-0.914,7.64,85.09,33.96,2380.04
449.68,3957.44,529.37,10.92,519.96,-0.905,7.53,85.84,18.87,2571.21
538.52,4126.64,524.98,14.48,546.21,-0.902,8.05,86.99,38.35,2564.43
494.15,3882.91,535.21,13.59,542.89,-0.921,7.58,84.71,32.34,2555.13
474.14,3840.21,544.11,12.52,546.19,-0.951,7.83,86.76,21.41,2497.2
514.88,4386.72,551.5,12.09,541.25,-0.914,7.54,86.16,19.97,2271.3
408.04,3970.96,544.26,9.93,541.88,-0.891,7.79,85.44,25.75,2537.39
656.47,3770.49,526.25,17.46,540.69,-0.897,6.66,85.75,37.62,2471.85
603.68,3775.03,536.14,15.71,543.82,-0.87,7.24,86.25,37.48,2547.05
579.9,3730.32,540.05,13.19,519.63,-0.851,7.28,85.27,13.07,2446.27
495.32,4068.58,539.42,13.75,522.49,-0.881,7.18,86.51,21.67,2471.59
397.39,3834.41,542.31,10.43,529.38,-0.865,7.52,86.05,25.53,2564.82
635.41,3922.93,530.66,15.95,534.83,-0.881,7.62,85.52,30.74,2463.82
455.83,3888.57,538.52,12.55,539.49,-0.857,7.5,89.04,16.78,2562.88
365.53,4031.67,541.36,9.03,538.92,-0.854,7.21,87.16,22.73,2503.01
456.15,3747.59,544.61,11.38,546.05,-0.876,6.93,85.89,40.34,2543.35
596.28,3706.4,531.55,15.75,546.34,-0.882,7.85,86.73,27.25,2500.29
543.04,3940.37,535.24,15.37,528.15,-0.905,7.47,84.86,35.81,2513.83
582.76,4008.17,516.37,16.29,538.15,-0.901,6.79,85.8,27.51,2588.12
596.03,3959.86,533.03,15.75,528.37,-0.908,7.2,85.99,26.88,2433.52
415.71,3754.3,533.8,11.13,534.31,-0.884,6.43,84.51,31.9,2650.46
636.37,4021.95,529.84,17.1,538.9,-0.918,7.32,87.12,20.3,2351.31
485.78,3766.11,539.32,11.75,505.32,-0.905,7.2,85.69,19.99,2515.16
548.09,3806.12,537.55,14.7,555.0,-0.959,7.01,85.93,43.66,2505.68
350.72,3730.09,519.93,9.0,541.1,-0.857,8.09,85.59,39.81,2849.19
657.94,4134.21,539.72,17.33,530.64,-0.906,6.72,91.0,35.61,2311.69
437.08,4014.02,530.57,11.2,553.35,-0.889,7.65,85.44,16.39,2593.51
369.24,4008.9,541.89,9.95,532.87,-0.864,8.39,83.19,12.97,2600.35
492.06,4124.5,527.75,12.88,537.19,-0.892,7.84,83.94,17.61,2574.33
390.0,4406.28,538.24,9.0,531.62,-0.864,7.28,87.71,42.01,2524.28
397.22,3592.34,535.73,10.45,550.87,-0.931,6.73,88.64,38.12,2686.39
546.01,3767.09,540.42,14.65,535.06,-0.84,6.62,85.41,28.74,2542.0
471.81,3789.09,539.0,12.58,537.35,-0.873,7.09,88.55,43.0,2569.27
635.77,3746.85,535.96,16.46,546.83,-0.895,6.96,87.69,16.69,2429.18
448.94,3706.04,525.71,12.82,541.27,-0.864,6.94,86.2,29.89,2747.03
575.12,3846.06,526.18,15.17,535.51,-0.929,7.14,86.08,17.86,2546.43
492.94,3681.01,533.33,13.12,545.99,-0.907,7.25,86.79,21.81,2624.48
554.58,3960.31,537.93,15.15,555.0,-0.864,7.54,87.9,42.08,2497.37
535.91,3909.31,533.13,14.19,538.86,-0.947,6.68,87.14,39.78,2516.96
496.56,3986.59,543.0,12.28,537.05,-0.886,6.96,85.42,15.26,2441.55
644.52,3991.39,535.77,15.05,537.54,-0.887,7.22,86.22,19.99,2326.93
456.24,4008.54,530.28,11.53,547.79,-0.851,7.2,89.67,31.02,2581.63
404.94,3832.79,535.78,11.06,530.61,-0.94,8.22,86.9,13.96,2570.77
560.21,4281.81,539.81,14.32,533.5,-0.86,7.42,87.89,29.6,2324.78
612.26,3942.2,540.6,16.48,522.16,-0.914,6.49,87.36,30.7,2360.35
362.48,3564.75,553.03,9.53,525.35,-0.911,7.51,86.94,21.31,2508.3
489.39,3719.57,532.65,13.63,531.34,-0.931,7.57,86.67,21.38,2589.18
626.67,3586.71,537.41,16.09,535.5,-0.927,7.24,87.94,19.33,2432.31
582.38,3903.12,541.41,15.47,551.92,-0.89,6.69,87.65,41.94,2411.08
657.46,3878.08,537.81,17.45,540.82,-0.928,8.18,86.92,24.44,2366.53
514.74,3815.68,534.0,14.43,527.79,-0.881,6.77,85.39,30.73,2576.51
554.6,4261.97,525.61,13.22,529.45,-0.917,7.63,87.12,21.65,2496.55
443.77,3998.82,533.91,11.22,548.37,-0.93,7.4,86.39,34.49,2600.45
643.74,4030.7,529.41,17.33,546.14,-0.913,7.6,86.01,15.25,2396.31
463.56,3732.41,524.19,13.13,536.25,-0.892,8.15,90.79,14.29,2647.23
578.94,3720.15,531.63,15.22,532.02,-0.907,7.58,84.04,35.82,2608.41
474.97,3906.62,529.62,12.14,546.12,-0.899,7.02,88.03,35.25,2622.04
524.16,3931.14,542.67,14.16,527.06,-0.883,7.85,85.12,20.48,2436.74
573.13,3565.86,542.81,15.51,539.53,-0.873,6.98,86.71,23.36,2432.79
507.77,3867.54,530.77,12.95,555.0,-0.908,7.38,90.61,42.63,2532.63
631.2,3902.53,535.92,16.64,537.85,-0.926,6.65,84.96,15.34,2369.16
479.98,3861.27,523.13,13.31,529.02,-0.898,6.78,85.34,17.86,2607.1
550.59,3753.59,534.05,15.64,539.69,-0.888,7.33,86.47,25.76,2522.86
456.13,3802.88,541.19,12.38,531.77,-0.937,7.48,85.14,21.03,2554.95
476.53,3868.17,544.6,12.42,523.45,-0.922,6.45,87.91,32.77,2421.64
486.42,3916.34,532.3,12.61,542.31,-0.918,7.55,85.64,34.1,2591.14
389.0,4008.86,546.41,10.5,546.06,-0.905,6.89,87.55,28.84,2481.21
378.43,4094.55,525.87,9.76,533.2,-0.919,7.94,84.37,31.56,2759.69
556.92,3847.02,528.02,14.61,532.6,-0.882,7.12,83.61,25.87,2565.53
553.21,3817.89,543.68,13.64,527.35,-0.94,6.74,86.13,36.33,2409.86
555.5,3978.78,551.37,15.35,534.65,-0.939,7.34,83.99,13.35,2299.08
356.13,4009.95,541.95,9.0,530.94,-0.908,6.84,88.93,22.01,2495.62
451.23,3821.84,537.68,11.43,526.9,-0.904,7.93,84.05,33.9,2634.98
411.32,4042.27,520.44,10.76,553.03,-0.936,7.3,84.84,22.55,2715.87
591.23,4076.33,521.82,16.77,540.2,-0.915,7.22,87.16,14.51,2512.43
616.8,4132.5,539.04,15.74,541.15,-0.91,7.6,85.56,23.04,2402.18
426.47,4220.1,535.14,10.62,543.95,-0.91,6.8,84.07,34.77,2598.59
557.03,3744.05,529.15,14.1,542.94,-0.896,6.66,89.76,15.9,2450.51
390.1,3902.5,538.52,11.3,532.28,-0.917,7.5,84.9,35.19,2648.48
435.3,3902.03,538.92,9.35,538.45,-0.863,6.75,86.19,36.81,2570.11
392.98,3882.35,545.56,9.52,533.58,-0.888,6.75,86.17,32.33,2519.82
437.89,3783.13,539.09,13.3,539.95,-0.92,7.72,87.64,19.82,2565.76
559.17,3632.6,547.83,14.95,539.08,-0.898,7.56,87.24,37.77,2388.28
632.2,3916.68,538.06,15.66,532.56,-0.897,6.67,85.18,18.86,2414.0
412.78,3761.7,537.08,10.7,524.04,-0.87,6.99,85.98,40.99,2654.72
518.04,3915.48,546.51,13.52,537.32,-0.915,6.85,86.14,34.61,2391.5
567.43,3757.07,530.17,15.35,534.16,-0.881,8.19,87.7,13.75,2521.41
645.41,3702.06,555.0,18.0,518.99,-0.899,7.75,84.63,37.58,2269.49
539.12,3942.17,541.0,14.29,540.57,-0.863,7.09,89.73,28.21,2399.41
429.08,3927.17,541.05,10.78,544.69,-0.868,7.59,85.29,26.48,2545.21
543.9,4004.27,542.2,14.69,555.0,-0.895,6.62,86.49,25.46,2355.57
449.35,4293.46,553.02,11.19,532.48,-0.907,6.96,84.64,31.41,2382.72
652.6,3949.91,544.34,16.24,531.15,-0.887,7.35,84.42,35.19,2386.09
473.9,3987.31,525.16,11.09,526.02,-0.905,7.53,85.1,40.67,2673.26
562.48,3706.04,549.23,13.53,537.88,-0.858,7.25,84.95,20.73,2387.72
357.2,3668.36,535.27,9.0,537.82,-0.898,7.42,85.84,32.18,2727.07
474.02,4184.91,538.86,11.5,528.7,-0.91,7.34,84.93,33.96,2498.21
621.28,3733.77,527.77,16.37,534.43,-0.911,7.22,87.61,33.59,2493.31
539.17,3712.09,542.21,13.18,518.19,-0.93,7.15,85.25,27.78,2458.11
487.62,3892.96,532.79,10.48,544.34,-0.886,7.09,85.07,24.51,2563.51
640.14,3883.77,538.8,15.91,529.06,-0.921,7.42,85.87,36.4,2415.13
614.74,3737.55,535.73,15.65,535.69,-0.873,7.51,88.09,21.6,2443.47
449.89,3845.1,553.4,11.27,523.16,-0.932,7.4,86.84,18.66,2407.81
518.81,4121.29,553.86,14.55,530.76,-0.897,6.71,86.34,29.47,2256.28
501.85,3754.92,538.37,12.62,533.48,-0.871,6.8,84.21,20.56,2548.23
545.98,3649.14,538.51,14.81,535.9,-0.954,7.5,84.67,13.06,2501.48
453.57,4069.67,535.01,11.78,540.32,-0.85,8.04,84.45,13.65,2637.97
425.7,3988.61,546.85,11.04,548.95,-0.911,7.38,88.59,34.24,2457.3
632.93,3788.31,535.37,15.87,542.59,-0.896,7.09,87.35,43.14,2462.68
636.4,3615.21,534.63,16.51,544.66,-0.886,7.41,85.12,26.55,2570.31
611.43,3765.97,545.83,15.36,549.01,-0.882,6.73,85.6,16.71,2348.75
653.24,3890.15,533.69,17.1,541.13,-0.893,7.95,85.18,38.18,2468.45
580.95,4109.82,537.7,14.94,535.67,-0.875,7.39,85.08,20.37,2383.95
587.05,3713.42,525.35,14.6,545.08,-0.887,6.97,87.24,43.86,2639.01
586.4,3884.79,543.63,15.94,545.66,-0.856,7.22,86.04,30.02,2366.73
498.99,4021.53,553.53,13.27,541.84,-0.887,7.04,89.83,19.44,2306.09
491.5,3471.37,543.77,12.47,522.91,-0.851,7.96,88.5,27.87,2532.61
424.47,4086.08,549.69,11.14,528.43,-0.877,7.2,88.6,22.73,2398.99
549.89,3687.16,531.23,14.24,533.53,-0.945,7.38,87.57,36.94,2528.46
439.69,3959.76,539.89,10.82,543.02,-0.835,7.59,85.82,15.39,2570.42
429.92,3944.4,530.45,11.23,535.81,-0.914,6.93,87.46,39.42,2620.01
531.65,4095.23,536.18,13.39,546.23,-0.863,7.4,85.94,36.55,2457.91
477.09,3999.17,544.18,11.74,547.84,-0.899,7.44,89.11,39.56,2489.15
417.85,3472.09,538.81,9.73,546.79,-0.873,6.52,87.15,40.64,2632.52
602.98,3758.74,526.7,15.43,546.85,-0.917,7.43,86.92,19.35,2540.08
616.78,3924.88,527.48,16.43,526.67,-0.884,7.28,86.7,28.67,2524.32
401.99,3864.9,526.95,9.97,540.34,-0.906,7.36,89.28,39.2,2705.12
352.33,3985.97,541.93,10.93,530.53,-0.861,7.32,84.21,24.08,2543.67
454.2,4042.09,554.51,12.43,521.16,-0.889,7.43,89.44,13.93,2343.84
597.23,4009.52,548.9,16.44,533.41,-0.877,7.97,86.2,21.33,2318.64
610.14,3861.43,522.83,16.42,547.92,-0.954,6.71,84.25,19.74,2534.65
392.88,3567.66,549.37,11.51,540.15,-0.902,7.13,85.3,39.84,2583.2
590.04,3818.01,545.49,14.79,554.16,-0.89,7.63,83.86,26.84,2370.01
385.87,3974.95,525.64,9.0,537.6,-0.894,7.54,87.55,33.87,2717.08
470.92,3703.72,535.57,11.93,555.0,-0.876,7.53,84.84,42.79,2605.62
659.57,4013.63,546.76,17.54,537.6,-0.909,8.68,86.77,21.57,2289.62
409.7,4063.51,542.4,10.76,536.2,-0.899,7.61,88.31,36.36,2527.11
397.73,3922.84,527.53,10.53,524.49,-0.87,7.87,85.42,12.73,2719.19
481.07,3348.52,542.89,13.43,546.0,-0.957,7.15,86.07,15.33,2528.19
542.1,3669.94,520.9,14.36,531.48,-0.885,6.8,84.41,17.18,2698.82
639.2,4239.51,536.22,17.18,530.18,-0.908,7.14,85.88,22.0,2362.53
654.05,3801.62,547.1,16.35,547.53,-0.923,7.66,90.62,24.9,2262.66
371.59,3542.85,538.15,9.0,546.42,-0.892,7.5,87.74,27.26,2643.4
392.78,4122.34,534.01,11.34,546.19,-0.869,7.5,86.08,19.85,2554.91
595.13,3902.4,545.11,15.54,532.74,-0.874,7.19,85.52,14.12,2356.6
433.9,4098.89,545.8,10.85,535.54,-0.903,7.11,86.43,33.68,2444.23
624.3,3949.85,548.48,15.8,535.46,-0.878,7.21,86.71,12.76,2304.62
555.67,3982.54,544.99,13.99,543.04,-0.878,7.66,85.83,37.9,2402.52
384.67,3965.34,546.65,9.51,549.98,-0.902,7.72,87.35,41.73,2520.34
608.08,4025.55,543.86,14.91,539.31,-0.917,6.8,84.97,34.73,2359.91
404.67,4309.94,540.12,9.47,553.77,-0.916,7.68,84.97,31.07,2507.94
481.28,4074.78,538.72,12.38,544.07,-0.879,6.97,87.09,33.02,2484.17
521.18,3615.54,536.1,13.14,533.89,-0.901,7.53,84.63,32.87,2621.2
505.24,3980.4,528.3,13.91,543.46,-0.926,7.2,87.67,41.81,2588.43
562.71,4105.47,530.36,14.84,551.35,-0.942,8.08,86.48,42.86,2535.12
552.33,4116.49,535.74,14.55,553.98,-0.879,7.09,83.58,25.65,2473.67
657.53,3823.21,539.93,16.58,546.68,-0.914,7.39,86.68,31.75,2330.38
659.82,4109.69,549.53,17.07,536.23,-0.892,7.6,83.8,37.69,2296.93
510.1,4066.99,537.67,13.52,534.05,-0.869,6.86,87.61,12.03,2429.89
379.51,4363.05,546.03,10.37,541.18,-0.933,7.26,86.1,28.86,2481.81
575.63,3765.0,546.63,14.9,551.07,-0.901,7.17,89.46,32.89,2383.99
652.77,3808.67,536.15,17.73,539.9,-0.904,7.04,88.21,34.95,2394.66
448.68,3844.9,542.76,11.67,540.09,-0.891,7.08,84.8,23.8,2553.43
492.97,3811.76,536.05,13.37,536.46,-0.869,7.86,83.27,21.46,2580.44
481.68,3739.8,548.58,12.18,533.05,-0.933,7.0,85.29,17.83,2446.94
365.94,3402.72,543.09,9.0,534.54,-0.886,7.58,84.55,29.85,2690.88
558.4,3821.75,528.48,14.71,537.22,-0.874,7.46,89.42,41.42,2574.93
459.53,3966.48,539.29,12.46,551.46,-0.905,6.6,86.48,40.67,2512.51
594.11,3811.22,551.18,15.85,533.84,-0.903,7.56,87.99,23.52,2356.71
607.96,4248.37,536.55,16.1,536.47,-0.89,6.59,86.04,20.25,2396.54
604.58,3902.41,541.58,15.48,528.21,-0.891,7.61,86.21,37.24,2441.64
479.17,4132.39,542.37,11.89,542.45,-0.885,7.05,86.45,35.2,2497.26
449.68,3947.06,529.71,12.08,548.3,-0.886,7.3,88.27,28.17,2559.65
582.13,4048.75,542.09,15.43,550.62,-0.925,6.65,87.0,24.45,2303.8
598.43,3950.26,526.85,15.17,537.83,-0.875,7.36,84.81,15.96,2507.97
502.29,4146.38,533.0,13.84,541.17,-0.871,7.76,89.1,37.12,2516.25
626.84,3910.07,546.61,15.68,534.62,-0.895,6.9,86.03,31.76,2317.48
394.61,3989.3,540.85,9.85,540.75,-0.937,7.0,85.77,24.06,2498.45
622.51,3965.94,535.56,17.33,538.83,-0.903,7.53,81.97,41.4,2522.98
379.79,3848.11,541.57,10.48,536.52,-0.895,7.54,87.52,33.11,2655.44
397.59,3972.9,537.52,10.09,537.24,-0.929,6.08,86.66,41.74,2609.11
515.49,4302.19,538.1,13.6,540.07,-0.909,8.31,86.66,27.18,2477.39
370.93,3851.33,543.25,9.75,533.35,-0.935,7.56,85.86,26.55,2593.91
366.37,3975.5,532.18,9.0,533.82,-0.885,7.65,85.58,41.99,2684.13
350.16,4126.4,538.32,9.0,551.37,-0.896,7.23,85.91,42.71,2626.02
485.26,4105.25,535.5,12.58,555.0,-0.941,6.37,87.24,42.74,2554.64
590.13,3902.11,525.32,15.09,525.16,-0.891,7.64,87.52,38.2,2555.36
360.8,3470.99,530.64,9.55,524.66,-0.901,7.02,86.13,26.8,2751.92
552.2,3993.01,550.55,15.15,527.39,-0.887,7.57,88.02,18.73,2343.68
605.17,3500.49,541.08,15.51,535.07,-0.91,7.19,86.37,24.27,2487.39
402.08,4164.59,527.41,9.71,544.06,-0.92,7.42,85.69,42.03,2650.8
395.53,3930.51,525.68,10.51,541.32,-0.919,6.91,86.82,23.63,2672.1
616.85,4079.94,537.1,15.81,537.55,-0.913,7.73,84.32,36.21,2418.74
605.17,3737.62,550.49,15.63,540.76,-0.9,6.71,86.87,41.54,2342.84
517.07,3620.55,536.51,13.24,529.77,-0.896,8.42,84.03,43.05,2673.19
603.95,3946.94,548.46,17.27,533.8,-0.905,8.42,84.86,42.33,2368.96
378.75,3893.95,540.82,9.0,535.82,-0.911,8.12,83.27,29.76,2675.78
472.29,3811.52,541.77,12.01,521.74,-0.909,7.94,86.22,27.74,2536.93
578.72,3915.24,527.31,15.04,525.55,-0.837,7.26,89.08,43.6,2609.73
429.81,4398.14,545.5,10.63,525.91,-0.919,7.88,86.31,18.98,2420.48
583.22,4050.21,535.32,15.79,542.88,-0.914,7.25,87.53,18.0,2401.71
506.3,4088.91,544.9,13.73,538.21,-0.82,6.52,90.26,42.82,2400.89
582.58,4051.91,531.49,15.11,541.5,-0.889,8.05,87.15,34.05,2487.78
494.05,4166.3,539.42,12.66,519.44,-0.934,7.86,85.28,29.16,2429.51
464.05,3865.79,540.82,11.99,522.65,-0.879,7.28,85.5,16.23,2504.97
417.95,3530.14,536.77,10.79,541.97,-0.923,6.69,86.5,28.42,2630.5
414.6,3866.05,541.24,10.72,510.99,-0.877,7.01,85.49,42.22,2544.62
582.96,4046.11,535.87,15.03,547.02,-0.905,6.39,85.61,31.29,2418.44
386.86,3725.44,532.81,10.24,519.59,-0.911,7.77,88.08,24.95,2616.5
376.65,3868.25,550.84,10.32,543.59,-0.86,6.5,88.14,29.64,2463.53
404.65,3775.48,546.39,9.66,528.0,-0.886,7.44,83.86,40.36,2598.46
404.36,4170.37,531.91,9.78,545.44,-0.876,6.88,85.19,41.21,2627.51
605.16,4034.9,542.55,14.51,555.0,-0.889,6.59,85.76,24.8,2326.29
473.54,4017.28,532.06,12.92,515.54,-0.911,7.42,87.46,31.46,2560.5
657.02,4011.89,528.52,17.26,542.26,-0.885,7.13,88.33,20.93,2385.29
392.54,3893.3,546.27,10.56,519.73,-0.87,7.72,90.82,26.43,2497.13
552.6,3935.56,524.37,13.37,539.84,-0.897,6.67,85.75,19.04,2556.59
489.11,3686.67,545.41,13.97,534.14,-0.855,6.92,85.83,29.01,2468.39
471.8,3506.44,535.98,11.84,537.17,-0.879,6.11,87.44,30.5,2594.11
621.28,3927.01,536.31,16.27,527.79,-0.895,6.21,85.41,22.81,2395.63
652.43,3958.32,541.28,17.56,543.02,-0.894,8.2,86.27,20.71,2350.24
620.59,4117.67,542.65,15.44,522.96,-0.897,8.34,85.84,16.83,2409.79
409.61,4182.84,531.39,10.27,547.17,-0.931,7.35,82.31,16.47,2609.6
418.45,4182.6,543.74,11.01,532.32,-0.902,6.89,86.7,34.77,2466.76
553.38,3720.36,538.91,16.39,523.38,-0.894,7.15,86.21,19.09,2459.74
439.62,3836.59,527.95,11.64,550.35,-0.91,7.74,88.53,15.78,2604.03
577.76,3986.46,536.64,16.15,535.39,-0.892,7.04,86.51,43.96,2481.63
